thread_id,user_id,title,content
1,1,'ShmAQkVikY','jJCwmNXjna'
442,101,'TLUNwmwrHa','jnTDlJfqlb'
866,857,'GSIDRsYbzu','sFlkqzyhpT'
199,863,'UGAcciFgtP','LpnXkXjGsG'
359,751,'yKWEvYADtz','kyrUcfsGXI'
179,629,'YEWRXULkdO','NubOOcpBGD'
375,935,'pSkAPeadyM','qSdvbfwoGt'
668,332,'WCCApJekfB','dzobesDcOH'
979,176,'bVhganpDYl','LxPkjbxdyi'
961,326,'JNypaKxLqb','fcnfHKLTaY'
647,37,'pYkOfoUOrv','SiBdbHuuWO'
157,93,'VzaRODsWfr','EBbvcRmLwf'
759,874,'IysEvvmeOs','ojxLYhxarz'
209,219,'KCtXDnsgkw','LxOpIqHaZp'
955,938,'SJtxBpSMiR','VUUVTQSRcq'
833,172,'FduCGxnDNh','UnjHHPBEnP'
970,598,'pOwAEfntgR','kEPPIOlOaD'
849,492,'eWkBHZwHPA','fxXzkgZpJu'
528,340,'iYBvBygOuf','izEydFOWtB'
996,81,'HILLNJMwwG','sepiJMNweJ'
161,552,'RFXEftZlhM','sQegeOTIvy'
588,967,'YgSluCOdqe','KZPviGArmE'
92,161,'LaOBjIDaLx','dGUWHixCdK'
374,245,'IZKJBKWEcg','noXqmmidcb'
200,979,'KYBqnzBqiy','oGtDiRLuHU'
289,293,'eQlKvtwEuq','owRkJVgsYz'
404,332,'eUlsvAyTKN','wngywTNdQi'
10,292,'fWmozJPZcW','oGaCrQBgcD'
204,532,'QyvPfuOeBM','mqHLWGYIHx'
173,989,'SZkCauRtaI','SYnrGAyVTq'
383,309,'akJzZRBibF','JQLMWHxJVw'
665,887,'vRbssjuspq','KuDdjMcvqo'
535,73,'YNQAMgtXWr','ivRyTTUrEd'
214,798,'mbOHRQWyHb','BcSKiYtCLi'
380,117,'BQZvImFWry','pdkicWVcHJ'
232,318,'VAqcELYyVJ','AROyerYAYg'
565,58,'SktWhYcNXL','ySlXLeVcHO'
552,575,'voBaGLmSqO','RfbJPSKTsd'
545,203,'vaoxZeytTq','ukluoyLnix'
110,431,'hwrWhLznmh','QRcMZDeUbc'
121,647,'zigkYHeYLD','neZNevQZzq'
662,156,'gYQgXjVatX','yMPReRXJGl'
890,100,'nhmVVrkxIv','kUJHKeAont'
103,31,'trHEoibrXG','FFKrFqSMUN'
200,495,'HZBgVgokHt','iDXrJQywYA'
171,775,'xONtQvxZmO','akGnrCiTbM'
416,385,'AJmAdsdxrX','TgVsOifPMA'
437,828,'ZhIFpRCVTs','EcpMNkEiXA'
287,695,'eplOUGheKg','OWKUCsvsJM'
729,461,'BhyOuEqJRF','sKlrqLylsQ'
95,153,'EgSSBpPvKG','ehheYtjdZj'
963,738,'POrBXKGQaU','phSELypJoB'
448,203,'MvMISCKfHr','yBsfYXlZNm'
677,243,'fdAnnfJLvC','FIntOkjupI'
518,246,'SNAHWpLkms','SuzTbDTpfu'
936,321,'XPKuvueOXF','DfbSjtgaJg'
126,535,'fdYUivbkDq','swuckRIUBB'
656,848,'WClwxqPBzm','cCFozWvqMZ'
385,176,'iDUvYrkbdG','DAEjQWNTgY'
621,137,'qSHURyAubn','RNfzTcOBta'
958,455,'ufKZtEojrz','gJTMtldvrp'
679,901,'CsPBivFtYS','GmwmbKwtoZ'
89,906,'hqDoeHOtDv','gMSAyARtrt'
6,779,'XtFCsTFpql','uJbSAupcEL'
919,532,'IRuhkUaPQM','gVwbiLpbFH'
435,746,'DYScvOkFXC','LyseEybqYw'
526,387,'UFBpRcKdmZ','UnmODNGeDi'
968,189,'CEpfPYAILg','fAUlHVsMEQ'
391,535,'xTsyNmBMsA','RcjIOYFRDU'
375,786,'bYSyfWmaAm','KtaJAJBpqH'
222,688,'qgVVTiNuYU','PVFAXQaaIi'
361,318,'HypAAMpkuC','rkFGborCbI'
836,407,'gsxYFcUCjo','QIuQdKeJAR'
207,786,'VCKRQvyIsm','RHBkTOYzop'
199,334,'uZcZQnuZbq','bnxjAQpZpE'
437,384,'RGXqPZHwcX','QCJrEvhhcB'
668,653,'CuQMTwJgtR','YUuSfeqaCZ'
141,963,'EAoOBbySrS','chVwwOPUeV'
30,241,'rrkbLMQZWj','fJAThxtfPU'
982,790,'FAgkEXpAwJ','XXitVgKcbp'
199,53,'VBZnwrUgAP','hVrzXPDEQD'
520,775,'LFPQIcosav','rhFHhNXrTd'
217,336,'KUUvYQhFgF','OqboUsrIPT'
741,957,'nwjoWmGhfq','lkaHYPLuKX'
723,312,'bmEQSLGSJI','hUjNaXVDAl'
125,360,'KYhrIfiSsm','kdWHaOQjEi'
321,751,'YUPUwdQMFo','yORUfcBGOd'
918,825,'BceOhBhwUM','MfzzeCHoCF'
216,585,'XJcRfWYrMs','YKROuLdHFL'
956,321,'KfeOcZilby','ZgnoPzjwfD'
991,825,'qmLMOQfEwF','xSwpGNyFAW'
914,871,'DFkMWTPSZP','gAsdifwGIB'
646,694,'RoRGbZzwBO','uvFjpnKmBL'
955,520,'CwpxRdXRXV','GzwaPHaQbW'
39,799,'ewsguRYudf','QYetLlvPEl'
52,244,'gZBeEkKizy','VjcmVcavtp'
583,159,'xXvTyTYWYM','FxcVGVcRPh'
130,462,'wgEIYiAGZB','BRrExGgRht'
663,220,'eqbfbcbABR','tPhpIloYLk'
924,590,'iGNQpQuJws','XnigvbIpUj'
52,638,'YoiFUOvfPF','WhLFBVjzOB'
71,888,'lbetieeNla','fsirJaMUBZ'
795,136,'lWTBGBktTs','WVuvFGIHJl'
95,186,'onMeXtZhXJ','HEWIvSxcIB'
785,494,'iRTnWlNpAI','SDfUqvGSBj'
892,251,'SgkPKSEUAd','ZCYekqSetu'
563,125,'JbMhApCjtF','KazOalpWjV'
78,348,'ywuzKnaTnN','HeABkiIGYF'
612,990,'XkAsxJEbtM','bYiWooHRWf'
711,834,'VOwdCdIaOD','ASEDLHnznO'
53,967,'LWwkXAtzLM','JOMWCYJxvx'
547,271,'NzMbUxvJji','mmDoJMMlcX'
442,839,'ikDfqWrkVf','KXNUXXahFK'
525,246,'LAewzMiocK','RyRkxPlZDV'
907,814,'YYqGrztgue','sONVznqTRp'
886,852,'iaDrYRoCdw','wqyeTljOop'
593,398,'ZlkYNPjxMC','AfpgsNouuF'
394,83,'BObuxQYimI','IdSvWsHrOA'
605,226,'EkJqpDvsdN','BPPrDMxZMd'
526,159,'CkOeFYSnhp','IEITOsHXLk'
768,955,'vUBJLPZtup','cfrdHzIZMg'
736,982,'HsaFLUzmEo','jfiOxUPEPq'
326,964,'OxuALRZKbz','sNSvElTrMI'
647,729,'ucGXzZgshu','XGGUyhjden'
997,827,'xKdnLkNaGQ','PBBtLTSraG'
427,49,'sPIeDEMhRX','OXgwzawiss'
818,540,'ydeOwIpiih','RfMtJvUoRl'
709,203,'BwxdAeHOUX','AMEWSixDaL'
383,922,'IPkAwhSTLb','keWkhzaIyT'
99,463,'VFCZsdppRi','cKrtOAINDb'
344,249,'MDECJIFESo','HwvNjbYksB'
430,837,'eekSVTsSxL','cverfyaavn'
432,176,'kkHHgGGsmE','ShnOJUImtp'
344,289,'ilnJhLzGJR','jXSobfbtdp'
868,372,'EgCVvaqYCb','LeKCegDOiH'
994,56,'zPrvbWgHCW','izWDWKXBMW'
872,647,'FvBmHCjclf','IJYhWVFzqy'
31,300,'uAwSCRLJFr','ZxiZuuqEHc'
389,977,'riMQDqgaJk','oWmoovqxXs'
722,829,'bNPekQAUIF','SuJGUpONmf'
711,684,'QZSOYwCmnT','tVJdisYAAe'
768,431,'UPWYFpjNmE','kIwFrROJls'
829,479,'BFVefDKZgt','NciuVslkZX'
569,50,'ptPDmLTtWS','xBuFJlqHXn'
207,116,'fxgYooGrKW','DbzioMslPU'
270,947,'FcazbgxKvI','wozNUzabLY'
20,510,'nsaeuQEdjl','iZSWWwgYQx'
774,171,'svdFfycras','OfYmRhewoN'
673,588,'cgrrcZYRfd','ByTekSQLGp'
161,677,'kxboMEubLf','gsDpgEjTRG'
571,489,'AABtJSlNES','ciVPUrLixG'
213,967,'gQUUollGiC','WRoavasIak'
665,752,'UlKSldAnGy','CwiBFIaKDh'
83,87,'NHPpMQJXQf','QvOCEzhjvV'
997,821,'FqQqqiiXCK','GsETvGhZgU'
239,59,'VQDCOrjVmb','UdwZZDnWRb'
547,980,'GqWcUCsGnF','CUEeUOVOEh'
572,813,'VofEroarGq','tRGbbHrqOb'
98,814,'NlbqlKcUyR','GthJWPXxOf'
47,640,'zBjbAdcioI','sqqCHcgrFx'
698,947,'ZqluMELFTx','guQNSsUnam'
892,607,'CYQrouGmvf','ITejQDzowx'
604,114,'lIGKpdKEYo','ZocItUzrUT'
322,489,'xXtyPUQJuk','cZJBddTqJq'
632,384,'AWadvmJeEL','WcRpldPcDn'
500,501,'OHPrFiQfxr','MPkSnEUMdY'
811,912,'EZihWorkEr','jOkflxXChh'
775,421,'vZVtZVEbQI','ByKsGfRokx'
286,862,'JlkznLRBGL','nFIXATvIva'
991,482,'gAVVVnUnWr','FfQNiLjeOm'
191,153,'miECiiNksF','oJLruavXgc'
876,747,'dfJeTlEBLG','CUmBGEETif'
587,8,'mpyHmDRMoj','iOSmMERLod'
930,64,'VPUxxSoEAl','GorbScaRDU'
931,640,'FMGwYmgIPr','egNSkpzWfL'
583,491,'FNFPoGwdzT','ZSAJokJLgN'
621,857,'dekDmCCNBE','GRuGWKkBKf'
392,307,'VmwilTtRaF','hjNDALvOpQ'
83,552,'eIHmlaxpOV','yIeqiXmJjb'
964,503,'PqtukpKyme','aNraWRKrBF'
62,833,'GRloXJqznr','tRSEuwPUzS'
277,380,'fxciLtYbKm','etXYpKDIGK'
109,41,'RtPAKyQvYI','MIOxZzRIuZ'
673,330,'dnkocckoRv','fjxuAmIGhZ'
17,962,'aQFQJvTxwK','hVreLgRJcX'
812,687,'WeQuUlMEpe','kBTbUAaaSP'
820,601,'WccdETcFST','RvLuRAievO'
344,614,'uTbgJtdvDm','eHCMhjwfoJ'
867,777,'MEEBXzdXcH','QLatdWxBPw'
147,192,'JSqVCuwUyk','haxYNyvPOe'
156,575,'hnZVbktZQC','yRRYKuAPAF'
152,974,'ZPGZpwxZPJ','fNSEUqKSMv'
221,489,'LKINXefMJr','VIkXKQaVuc'
109,128,'IFjNayLRwj','xblWfPxIaD'
946,863,'FWBjPFDVhp','SspIdLgYxu'
587,716,'ULuUkSBqIv','WfqgusfWAz'
587,158,'cnXUFwtsoh','krFqRTjTpA'
13,4,'fCKnQqPzRI','ObdQUibGSO'
71,397,'eygVEuMhfY','fogxnjCqXC'
616,779,'JjaNsMmAur','wxPNrEWXuV'
681,132,'duDnYYbntx','lQcMkWWBei'
280,62,'hzTghtCfAm','CcSwxDJFRv'
498,450,'UuqsPucGOL','xgTxtuDTmD'
394,219,'tibONtGQYP','tEzFOPLgFk'
426,576,'vcdxELwzXZ','jCJwNDjhWW'
970,906,'mNWDcmIWIq','RVHTVKqSdE'
126,847,'JBHvjOIutH','ePXPgyEcfz'
433,571,'SduPIqGFhs','wgGdFednRo'
957,507,'BWDcxwpPPy','mwPHzniJNg'
456,568,'EaSyAjlsDU','uOSYRnsAPJ'
550,254,'KgPDJTRXpK','VeDfcGOxGo'
18,249,'mIeanZsNGj','cGeDuNeqpK'
146,53,'KUJbRcjYGb','cuZBcqELIW'
593,875,'qbpJXIjsNz','eWAtxKhsBg'
867,48,'erPZNapCnb','gtvZImFMOW'
318,844,'dzIGMKrltX','FIwYlVcOxu'
455,151,'LXmFqAaqyb','lYPPQbqDCR'
525,875,'jUncTZyYDc','GOoYGTBLhT'
149,380,'BsQKPpUVfY','DYthWVqBph'
375,875,'xHxzIzKaGF','BUJKzcZhqb'
62,502,'WbAhSQzzKB','tQMNZNahum'
247,973,'ChRgeEWiof','UVaSftXRrQ'
669,841,'wAuFwoEmtQ','uxonIVCFVy'
975,777,'xLciIRtDJF','FYxUYzyntU'
803,793,'kLvWGSzbbq','MQnCuWzELh'
202,341,'ifqzxwwAxH','ZNISaMBvis'
938,293,'FlGLQWglrI','lmsxyHDOLw'
150,887,'WeMFZSyVBL','bZDZHHcoKO'
706,322,'XylQyXIzyh','NpCtnoouae'
49,613,'DqRBaouPTW','XfSQkzMjna'
741,272,'gbZlLqdcDj','SxIOFQtEVY'
849,947,'uUZeCCLlyq','DYEZVyWSuL'
194,199,'nKqIVZJvci','kwLPlGwHln'
393,519,'rNhQhiICKy','ZbeZvcUFtk'
204,819,'EAoYwjcoKk','WrPScOZlvM'
976,159,'qNSeFqjzAt','jzfEcQhWCu'
147,76,'BkrsDhePsr','ifyhXCkMci'
526,629,'ctaUNJHbnO','jgOgJHWJBM'
64,990,'DlwbBULkPz','BvCWKdmkvo'
500,819,'JQMAoyRivw','mFCiiLOGmp'
469,786,'KqXwtQRdfM','EEFBWvctkx'
4,786,'JSzWdZtcoA','PJfbokLsSA'
343,630,'UMVSanQjmv','xRpAXJXJQB'
877,801,'pJGJcLgtiF','uyNqovamsP'
167,582,'kflkHEGduY','qsCOPWqeAa'
126,965,'IjOiZnCHNf','OCAhrVLwFb'
511,659,'eCwljfZGnS','sikeXxLUxP'
131,281,'lefnxAAGBS','kZrsyGiMzR'
646,136,'YyVnzJzWIV','SUvhrfPoou'
526,601,'btfbFRPZCp','shpHqrMjfJ'
282,848,'zVrdHKSBnV','iXYQqtiSXI'
198,320,'pbOcDVQpbM','FxuQjnyYCQ'
878,371,'mubUeEtKgk','iPuHpHigJN'
503,695,'JPyYghLdov','wrwGabfzdk'
207,409,'kWFKTxWtDc','zOUHwPRuhM'
162,321,'vleXyMdIQn','gCUoqTrDxR'
173,672,'UBFBWxJaaR','PvSRkYoUCm'
114,493,'NzximjPXOf','SJKJVyaRSz'
513,319,'AexYhyUhUz','nepTVwIbkR'
658,790,'cgXzcNcyNo','BQaXYxfNmm'
648,376,'irHPvaPhQb','bOAzMpRJZx'
757,744,'SuKztbBZNA','eOHRLhpnyv'
280,379,'vLszxdcgbh','iqeLUGFoPF'
642,348,'OxilyUKjFq','geLWZYnigT'
630,727,'ywkzkYHrKe','IqojHDleDF'
358,903,'IXKuCyKSoD','oucjdZonES'
366,116,'raZPZuzvHw','hTkFxXgsgp'
44,838,'rvXQojhSMQ','noOKopYGQX'
55,387,'JqNRYZeLcz','fItXodwBHd'
352,844,'RfQzGarvVf','kviHNCZeHw'
996,348,'pooHKxzLvg','MNKWYLdoGY'
861,142,'nINPMXYKCA','mKgvbRjLXI'
646,640,'HuiglykrRR','EfvKwNVvRM'
589,69,'aJQsPIdXsm','uMNDjmdVSV'
344,967,'htsmUiCEwT','eXWdoDurFo'
216,860,'BXoLAPtPAO','RrblVijPrA'
946,838,'XgXZzJgFiN','SgfpscGMRf'
991,897,'zmIhjZCLOn','ieLdnzyGjg'
718,776,'SZcVUshmRi','mAkIlgyfnG'
621,74,'ewVVcLBLMY','rnKezvHyls'
217,501,'qXlwzGdDJs','vrBZQVIdCW'
949,890,'SiLkTNgjNh','WVIkCBoUbn'
83,33,'FLOHAkzHuZ','XrSCQJmGqT'
970,665,'PdSFZlLltO','UpJgkRLccQ'
773,807,'mJEhvVyIjH','TvrhWHybLV'
661,552,'KsNHLsdCRE','kjFbyFJLKp'
471,409,'tXPUzjzcSC','ZvMxtoFVpY'
270,101,'kBkOVAgKhB','rKYmLPinZp'
621,116,'FRxJEBeScO','WTBxtjpGgH'
276,380,'XKSkgFPGVy','iWoeBAOOHQ'
174,956,'kGJeTWXFQW','pOLoRwQSAl'
223,336,'kUDkqduhyp','lYUSjnUGNG'
386,929,'WCaXlGVXYp','ufudonCZIW'
142,313,'uDzKSHfvWa','IRTuzRhFRM'
64,624,'IKZOSERcwm','WEdWzdqBzr'
556,542,'SCHRLULUIM','rioYIWDelQ'
432,973,'sGZnCqboUB','jozPnrGjkM'
485,73,'XDczRWlCvD','pKRUPgfVHi'
793,447,'hofZqjWKCJ','fqDHAxXJjd'
689,376,'wSdpVxSUZw','RqEOnfAruX'
736,110,'xZFwKBdlVm','ZRdFBGqmKg'
245,336,'rIkkViGbXi','yHpYiSTGdb'
539,637,'FjugGgyNNj','NwLhHFKewo'
318,312,'mPzWEoGFBv','BDJmukUAaj'
963,93,'EJPspAgJIf','RVQQbDsElP'
328,318,'jeXlCuLdQc','siJoRysqMe'
234,993,'iobaNTecwE','zQiTqPNOUx'
804,952,'hREJbJFdph','OLbBSnlJXl'
673,203,'wcyTosGfYs','ajugTrjWBD'
722,434,'OqRXGIHrUO','AJUtdEQxJc'
565,76,'qoYGjvSSva','spsuVbPFYx'
2,265,'JQjcoYgLMB','ksOZsgAjSe'
979,402,'jnpaknQNRE','XQYFvcnIFf'
290,917,'rqYbTYryFi','MfHlPRXfcA'
320,241,'zQDbYIJEWY','JMsorYQzxZ'
909,277,'HuRREyfSnI','zHtHwIDevk'
270,660,'yslmHKIeDT','oYwcrxXLUM'
697,980,'kUgkKaiSDl','qsXFbdpgCz'
695,973,'IaaSntiMbk','EtvWmtmAEu'
374,182,'jKDKjMmkVF','ynXcxaQsXV'
391,128,'DjObZbdbmC','uoACVllxID'
706,301,'UoCYrcbVxk','wSzPpNKIIU'
911,56,'vEPqoHgCKb','RpzEadbOmI'
969,220,'gaHuPvhLfn','LyxtRVhkLa'
47,630,'UzPhwiwHIN','WAtPNgMZYx'
909,848,'eMfAiLnMwc','FiPCgoUbPB'
223,952,'bouMTrYKih','hbncjPhhcU'
743,777,'uuXeHzkMhY','udTQjpLmqw'
92,597,'gilbScvLjt','wIPSLPfFom'
765,681,'PqzVqyFfCG','MjnOQOGRiq'
690,844,'mYIcfyUiGw','QGKAqdBcsU'
919,638,'gzPXhAXOYz','dyKwODvEBW'
907,470,'HyRHJLjTbs','YwqUYVfywe'
448,317,'oOBHcwxwkC','HwaYDsLKCV'
991,597,'hhLfZtKkwv','sgWSCOwePg'
955,246,'mQVgspTYGu','WtJAaAaYIn'
875,876,'UhXxvEzCCW','LkRYPuvxDq'
363,340,'TXrrmsZDWa','UVQqMCmjow'
372,967,'tfqExXEJUD','jyplXwenGh'
907,358,'hLWnNkTifn','XHNUoufylj'
101,159,'XvXodMggAG','ldigZjAmJY'
250,823,'oOghJrQEZd','dUVBHFGezV'
836,43,'FXDgFBeEhz','RhwKgVDnbL'
621,510,'QDdAfIalAT','AUZOmxowLF'
450,886,'yctFzBjJKo','uoEeiGhiHz'
350,782,'RBNwlegrEe','nQVgkzBDBU'
935,798,'bxuvdPhWPY','qbngxqPRhu'
374,620,'UllOJdKchB','FUlqyzTLiA'
723,364,'hxVIALcDwM','zGPFjDpqMM'
617,163,'IIXygaeYPo','cApYGnPssW'
868,219,'pAzapGtovm','YsKGClMrHs'
991,827,'vJDfbhteuq','ozMIVprnUn'
765,601,'dBlAWuBabL','HQeQklIXJJ'
275,961,'TSPxLoVqHo','atRJTwMHhT'
213,79,'rINYFEobuG','BbiAluATqh'
427,265,'QXafulsIdW','kEVMwDrvvn'
142,249,'lVpsHIZXKB','cmFfPlEbIk'
754,403,'KcCcXYQBAM','qyjGXevazG'
956,575,'KeJYfdBiTv','BhwcfiLBPE'
143,348,'FKmLqWQhwK','bGNRujplva'
963,65,'FOGRTUPsSz','sidyLkdvUV'
385,52,'RpvaUxkqkr','UJdwbsCAya'
673,776,'sRYelkubGp','AHGKtHTYSA'
64,672,'eGMnqbAOMV','OpxkdsYLBR'
658,834,'TRJunBhonU','MeuEINhaOl'
115,700,'ppztxIrIXJ','HukHqWgRHh'
741,305,'gUNatkTytB','kNmOaEcxYs'
632,686,'CjurcGUMlD','heEaWJIOvV'
701,898,'ZCwrJvyojs','xjXPDVwGYq'
976,984,'jZWpQGzJtm','FTFMHfQpBI'
624,202,'YykiihDLHR','FXKhZbHgGY'
13,133,'IufcJlSGWP','PmpDtfhRfD'
896,242,'nTWFkZDmvt','dmraRVeZho'
59,399,'eQIaeVfHvk','cfmHjEkVdx'
735,203,'ZINgoVwdmr','EMzoRghPmt'
442,829,'yQddZBxxEI','HdHxDPZmfi'
125,991,'YGOBPMwLna','HCgIbNVXDF'
1,653,'ZzRqLaQvOG','skjrnMtAuo'
722,228,'RcoRIIwQmf','hovXLhhUbj'
495,629,'DxBXyjjRHX','vtJQRHmpsl'
482,441,'GWAVnwCxpc','DoPPQygaMw'
847,220,'meEOhkpSoh','ggPOELgIgH'
832,154,'XZaYZSrCAi','QNJgCyXCqJ'
736,331,'EHbjVIvqgd','BUXMrFrWcS'
632,37,'qcItYoREEB','cPXNKIjFyD'
326,309,'ThUzCEnOlt','oCDdLtMIxy'
729,147,'ekIQJWWdoh','EHwrEjfJVo'
859,125,'WbeZajhsCn','iFFymXYptR'
596,184,'TyUlHgpEtA','pRNzFCckoh'
632,155,'XuRoFnuvLy','ueAVFTDYJi'
681,880,'YaAYeeXhPC','ZigEmGwswt'
42,501,'CIeEKebgvv','iFATJabsPK'
112,409,'ShyBTVRSwt','FUhKqxyGUg'
355,194,'VNjULCOJwS','EiuZBCTJkb'
365,662,'BSzZYhxrIy','sYnrsVhPOA'
518,235,'MxJxXjIfwg','yhNDQwCGyS'
721,145,'iSekKLGjdo','UYUHxmtHMw'
642,132,'oPFhQgsxKL','EcdnMsdkmH'
699,979,'eWysfrFkji','mFzFEnryAN'
543,394,'ZrLaAACgNT','LEPXqvTrQV'
101,157,'pzvFjJBvDq','BsVnBXlOFC'
908,487,'xsfeXqFZGv','muQBKQgdPH'
801,540,'TycRiqJxVA','cbYnYwbGPK'
563,6,'wySEPbDPPP','vNfrYQXIDu'
938,447,'sYdWISgXCG','cQIzKWafum'
878,786,'dlsmsvnccL','DAqJwHGKpb'
276,651,'xqrUnUNOGT','QjIAQDlnBx'
419,492,'XEYZVCTDuj','LySFZNYusI'
359,609,'VRMdCIzFyB','OpUINHVNbz'
228,11,'RebvLoIIdI','YSQmeFkRHo'
216,85,'kvQmsQetdk','qyxASIxCLa'
374,729,'MLsrjetRLh','JCCYUnpTLS'
387,171,'GKiQaEyXlI','LLcxoxIGeq'
890,847,'gcbAYiQsOH','qdbiFwIZin'
418,480,'WFfBoAOgCR','GwrrrNVTOk'
858,307,'ukQACwupWf','IluqaSDvHO'
204,978,'CjjqwztPnn','nZpFNhYNTq'
785,503,'FtfSnwNnPP','ZuDWQZQaua'
921,821,'twBlHSmBYa','wlckASsAfa'
321,100,'uQVHtqyjPg','RTLbmnNlGT'
565,317,'puLaiXgXoe','EklMHXbdrm'
668,81,'tXPhRlfmVi','WefdOZApVo'
975,575,'fJoRfxrRbG','EDrjXlTGvg'
723,461,'VGRIjQTmoR','emVOqddjVp'
288,148,'ftrnfwdNPa','OOqghJaRbv'
642,502,'SqKveOFmig','TdgTGBleQP'
754,880,'QHddlnRZWF','niXniegxPG'
844,268,'RXAOPYPsfE','ufUXboEKBA'
692,360,'WLbVjdotuY','TIhTquuyCj'
461,703,'IJAdwrzjiP','ynXJujmyIO'
727,735,'bOPFaCDctm','BdcXTBJvzK'
48,434,'KdGtEUpglo','tXwOdpbdhA'
96,136,'UkrruVRqsf','YKDMNIKzxn'
891,176,'xOBcFNhzXO','cDVIoZqEbl'
848,652,'ofIorAYUUG','rMwOFqEVlP'
564,680,'VjFGDbHMVh','OeFBWnemNU'
746,573,'plUlZJtfsF','leMsxGNqok'
981,653,'nhoEWiKYva','SJwIVjDGEF'
443,360,'OeblmtyMsG','zkAvoPLwxy'
546,751,'bEaBLiUhcZ','yYQiJSuOSn'
676,897,'tUnClncDPL','zRlXAaFOUo'
491,64,'JSPEbSBKik','eHdhDUROwn'
841,844,'YADMetlIGE','rcaxkTkOLQ'
848,7,'fXasxxYRVJ','GkenRrGcKa'
692,300,'OusUhbEEec','GuZyeRnqPZ'
772,800,'ymBUQyyupI','vcUOtXZptM'
356,23,'eSelbHPmkI','VkvgUKNAOp'
465,639,'VevcmhjFYf','OJOyKizGFo'
981,270,'mVUrvkCMVB','wDXQuIWhnQ'
516,360,'fCqMjKJCjV','AUkjHADQPC'
860,249,'mJyOGDmycd','sJGJyGLspd'
5,886,'CyiMlfipco','efFYGrRcpz'
99,341,'RMtmDZyYHA','uiUHUoLyYC'
582,360,'YySDKvoiJc','vKjfUcExJG'
112,327,'FCUYnTxgZX','SkPhJPfIIJ'
167,547,'sFDxIuGpLP','rSrXVBCcsG'
599,857,'LbwfEslQYu','WDUKreyXhL'
239,720,'AromJLiUbi','UnLEQrIKKp'
871,777,'iYIuETZwYd','loAlDowZES'
207,776,'fNPnvLFWWj','FbyBFmkdTs'
1,575,'HnLBMwSIXJ','lyNfqYkExY'
865,802,'fJKljoRTdt','WKKLKaFDQU'
793,43,'mqUfmLUfNR','oLaZSRpauz'
952,334,'kUmWRunoTs','FXRLMXbbBR'
6,134,'aGOcgHWLGY','SfyOYLhrsr'
343,752,'CJCtDlYHJT','vZCTeUrScW'
469,560,'IVElKtvybd','SUbljnKKHJ'
616,838,'wQRvnPGTBK','SQZEXtBjIb'
561,685,'KJrgGDyUMi','JXDqQLLLTt'
585,647,'uTJgBHKopc','RAlcUErITs'
492,489,'OInIOTqjfM','GhHjKqwqoh'
525,978,'tCvLJJfmBm','Ejeemzfeot'
366,82,'mLFooZeMcn','ZuwABxDuce'
482,729,'ktglFiGjQs','vPRDRzaFeY'
775,480,'bqlOHlWjQf','DeyCAGvKdA'
130,982,'UTmNXUanFc','szjfLeZmMb'
344,955,'HulsLymSlT','mgptcCGwSH'
73,958,'RyEqwGZYro','KSitNdSgCm'
742,778,'SbNFcDoAwI','DxldQqXiAE'
837,838,'kgnYJLIzPn','FvgzCuGJyf'
935,572,'HqQRwwPoih','AKqLwMErOA'
335,133,'hkCzttptbI','ldNShUkftM'
976,204,'zWzcebxCbM','WBYxzRNSHD'
309,342,'Ogghkcyfgu','TtNMvnWgIc'
907,246,'yHdhODefLo','vhqYuWvZEb'
906,202,'bOrvzaArnQ','RrOvwbHJXI'
879,156,'csUxpUXXdG','aGzmfYhtDe'
765,101,'BVdljtcOEB','wxGfYvbFqv'
891,688,'OzbGFKEvzs','RAieNPoqyU'
115,101,'cJAOIlkRtU','RDLRHzJiNw'
690,145,'SsilaynBev','QdQfWKMFjV'
344,585,'zBbWtpJvTq','cizkQapBvX'
990,608,'WXKJjWzlUc','JBCIJLFXOG'
197,89,'uXoPldPshf','KaWKMzIlTa'
808,339,'vcumybLOUr','CuBuIGjZWN'
616,886,'XjIotDEPFU','OWSVKifCPx'
270,817,'viMLGabeKK','SDVMdQhkeY'
431,564,'zfBINVCVPO','kRExKpSPML'
677,51,'GoGjXNwKBN','qIhGdNMxrI'
375,419,'wUDOdIHAcJ','lHRtPsftWX'
59,841,'jBpGNkyzXh','FggxzCGnQn'
981,952,'PwUfYLOipN','CbvDuNcvQo'
355,88,'omZlQPOWuR','UZJpovjkYg'
355,620,'rTgsKNOJIu','mikHjMpJzG'
35,336,'VZgGKQtoxM','QfEzuwpPLJ'
721,968,'OhksUrwweJ','PJvePxTPCZ'
661,140,'BwkimIHpDC','bRRhbvoXNI'
980,793,'yHsuPQXNrG','gokFPKaDoc'
208,748,'GsFdBVpWkB','iiVbHGrxQF'
5,683,'gDVeRrwlym','VDAJKxSyvj'
450,315,'DModLXpviI','NnCBFCbkpT'
375,117,'CbBmUZYhVm','NvvLfrRKAX'
191,828,'RjJiXWEcav','qADgAisTen'
706,244,'hfIKkOeUcK','FUlCUIixcQ'
147,319,'iiPUfSAlcw','KtWnlncSJy'
756,430,'eqZXSTfLyM','ehKkEDxSaJ'
356,171,'APtlsjRUis','sYdZxMPljM'
930,685,'NCwEpvTUjO','rIZljtEgAm'
277,630,'WQpkaVCMvV','xOPGrkvVmL'
318,529,'kNZelxQnnn','XHwSodgJXG'
754,241,'pftwMcChQe','ajoNvzvwtI'
482,686,'KjBghBFSFI','XPddMBGMUp'
833,763,'sNzQwfyGII','qOuhsZcNGm'
301,694,'IfMJyqjVeq','HpnLrHhnZm'
344,431,'QRYKFVBqAh','jRICTsRZsi'
332,191,'UDSDlPNTlT','bObSxAEVBV'
359,481,'jZtOxNfAzz','eXCHAJHuCx'
234,575,'vWVkcTKRQn','dSEbNhNcFf'
71,73,'vQtqhUNiGF','kXTDkkMCcy'
33,163,'YsZeGtwBgq','jaIbQvmcmK'
608,271,'hpQeJxarrf','pUitGirTQe'
153,723,'NgGdXCBuuM','WvcgcsyaKf'
101,493,'GqmlMgpjwY','iREgmYAttI'
204,987,'eoGsqSKKhN','jqITVhjGPF'
996,336,'ljPnQRmgXA','FqfcKQrbqe'
956,206,'LwGQyEYfmj','OfwUXfRnjG'
552,779,'OhLSBoCTho','AHKWmTJrqP'
742,150,'ivvvLQxNXf','gVflrTqFRp'
728,404,'sguawxwDbv','GspZtPgiWm'
463,613,'AHHEyIUszF','QqTDQmAKNe'
907,267,'yqyUcXuHCb','WAyKeNjaEW'
503,895,'jKZoYtTntp','UtoxpAJZBv'
156,70,'eYfyZTdIPF','CnybtbiWnp'
626,518,'bCNMSsIAFy','jmFxgJpUPy'
479,744,'feFZqmtpyT','vBCjiJwGsg'
878,792,'CHEHOqWYep','jeRFqAaQCI'
162,291,'ttZlyJuAuj','GPEmLpLGnC'
374,433,'FDxyAXbKuz','ywQtcGrkVL'
8,95,'OIldfAZHSk','HFhYUGFVus'
908,837,'ZCBGqjSoZX','sMMeBVCgLR'
463,960,'avYyRifxRk','ZRmZPPWLKS'
851,330,'kWVluJnDuK','MrGdAetCed'
37,665,'PUJVRewUkj','hpLccUwlDq'
286,229,'nqWBuUGgbt','iuNINcYrge'
277,551,'ErFcRVxHjs','YFoVsqGpjh'
772,341,'CfaFBwoOiN','zhAKhmnpJF'
405,552,'nfUiLGixMM','fuoscSfhil'
691,979,'DVrJxEXbCd','TBlUuGrozh'
189,779,'edUXrbjgYO','scExyvPnjw'
610,589,'KngkgzbKUk','gyOlUakRfi'
245,64,'ptYiOaRKLF','NxjKOpCwni'
59,786,'vSctqJYWbc','pNXIODznOt'
805,463,'dKZJqhjkMd','EYccgAlgHq'
742,202,'scgKuiEMWB','BDUVvYfiGj'
757,590,'ewKQoAfQck','nKpToLUStV'
39,863,'rQJCUcfcTL','qyNMDbjKQw'
32,680,'cUnBWzmHnL','TClcjhWMyP'
886,351,'fapFNBDMRZ','OOGqcyQUuf'
681,190,'WmaLOstYUi','xepposmJdz'
277,246,'NsXcWljuIz','KoaAsKeFXA'
622,124,'QXyWLKUmrL','efljrCaTFD'
906,456,'MSKuboWKEW','xTyHkxRhou'
689,899,'avLyInYmDI','bezATzRLlh'
836,6,'WRinHsUJon','yXytjRaSkj'
405,659,'YRTetltCuI','lDWeumbHpn'
164,475,'vdfGVfjzkX','PTHhMKmBxc'
450,576,'cJdvMqNfNQ','fDhJDqphRm'
956,271,'fjCJcuwRED','wlbuDwOagA'
754,343,'PrQfGHVKHJ','UIlGXKEtSe'
165,387,'PZKCTPslMq','EPyYGNrruT'
459,928,'eEtIvGTuMg','byBJfOZxEi'
877,695,'UGkVhEKenf','ZaqJYxTHFm'
44,176,'NEgMrtMiQF','wHdtmvhWMI'
736,373,'mrsWyADbES','DQMtMulmfp'
881,802,'QxLSuKHufb','bLGcPfWILo'
200,347,'InHFclTPdF','pcPYItuZeR'
936,80,'gOnIWXPXue','cWdzfBTOsO'
805,151,'lgrafvBrVv','sujfDOQdgK'
616,210,'vJFHBqVYTn','UtRNaDnpDb'
448,495,'fqvHnynKCT','CzdnGXridc'
663,313,'utGefcxGMc','QiFqpkXJQE'
777,67,'fHxnOvuctv','ETbmjVtvJj'
553,557,'MKOQDcrWsc','PDauNGWimi'
252,898,'VjpylZPOgB','bHtTFqMGTS'
216,928,'YFuBhMehvK','IJetZsDyzC'
205,899,'ZYbuVpxERi','GtGFmrlRxE'
361,447,'AgAUPdbZWD','VeSGPNhrzu'
109,184,'JOJNLjVDNt','sJFlOAjCPQ'
718,698,'zsYQWIVxEb','LKqkvPAbXX'
239,338,'fymEsFthPa','mvxZKIIZOr'
890,158,'FKVESIgfYn','gFAWnJLrtz'
481,631,'FiNvmSqrie','dSryiJsJrs'
401,261,'HqgQSWwGEb','cpmAyKPGwA'
45,234,'KtUhIoQtAv','uUXQkhDNAC'
608,809,'PNzGnOGQUV','gyRFXJtTjU'
964,940,'PlsnyLkwJK','QVvcutmcmJ'
13,117,'bQBEiibqsH','qYVWTyHAlW'
301,951,'uENPVNOLdv','JltQnudyrT'
209,254,'pzNztSHCys','HKeGbaeLXO'
964,747,'RSSCPCGMqq','ArBHfYWVuO'
694,360,'rXoMNyRTYs','CBgMgoYmjy'
820,532,'kuwOlBhAJK','DBtTNjVJAR'
484,55,'RSAfYkdkme','RxjYFHqnvZ'
450,82,'YTZthylWGH','GOOtSLnoNu'
930,224,'IHsyFCCiYZ','NZsqDkpsHz'
639,969,'tfAQBygyjJ','loSmOYBNLd'
209,80,'IldkdGfZYU','sBfrnGeYyt'
187,261,'HkOCgMJRga','SOQXPhZFSZ'
727,944,'dreKKEjkWZ','mIGRyqWRuK'
911,321,'viXuYNAgTT','hPKrNCDYwz'
727,198,'HmaXMENZdJ','dyfigmWacU'
930,860,'vHWAFDynqQ','UBqxfELJqR'
119,937,'mLLMnxrMqA','aFeNqOReJf'
443,97,'dufOkUilcx','zVJiqmAEVa'
482,809,'ehnmcrNRoq','QsdBXojuxP'
628,928,'TgQRwABrNd','YtgzucZjZP'
774,713,'vklsfoEbqY','XYDqrliShm'
907,760,'bLxmCWoeDs','qcKSPpNQUU'
44,628,'CBVMVGUomr','udfkDBXgJR'
161,356,'VekDqGBmJi','vftnLldhmp'
174,878,'VACQPvEFxx','lVgTgRcZew'
903,308,'UKyLYpkYFo','JrAZHiSjjr'
162,518,'rNDrWEqgBC','jiMDACRWLl'
691,688,'CnYblUXEwC','cgqgRMeYdN'
276,108,'srrwgCUPhB','XzHFCReNGE'
909,76,'TgJstFdflD','SmiRqvGoUh'
843,103,'hhgDdqunPK','eTzXQuCJTS'
564,818,'SwOJoOekGb','AwNcRvVEWm'
428,582,'qoViLZSzVS','CXpAuZsxwF'
217,572,'NtugtvQjcF','VMeTRoZWpd'
832,935,'hbsAbNYUDY','iJjOsRHTrU'
718,699,'NPjCaYpXwv','RlpNPAaHpD'
48,906,'iEUgNVhAMY','rKhjVmRUzG'
772,241,'ynSqSQnIej','ZKaLohESuo'
706,788,'zxtOACjGSV','avsxMbnFkt'
247,572,'JjDZCfOJoP','ksKCIVFvXX'
545,312,'ukYujOVMOa','aCaNWmFmcs'
276,520,'wWNSwFpQTn','chpLOHDCGS'
739,716,'iguwmzonaM','AZGwdPzeHz'
243,967,'JzpdeWPEnc','JfQOdMkXqG'
706,87,'bzwxhQbNYT','YjhfwgtEFi'
154,387,'nGqRxpTflP','YjZWYSGabp'
48,754,'IrrLqrkoUA','fswIqcagiZ'
450,137,'IwyRWlMroD','ysQcUCUOTz'
96,480,'WHkqxpsMRb','JzlPCBsuDL'
571,863,'gnMfjPNNgR','gFGFqsWFmX'
344,848,'dYQpdsEgdq','oesoyQHVCJ'
216,730,'OVxQymFvwz','vljSsbaxxx'
547,283,'xmPhuFNkJh','kQdFeaBkuO'
892,627,'fuSRsAytcM','DcIdsaYANb'
71,982,'wFUwEgutHH','PGYlfaBevT'
436,551,'eDDFtfEXgE','RbdgoUJimR'
616,760,'FxJMxFkdDQ','oJHxXEldLm'
462,276,'HBNDdsWYuy','GtfujkzzZQ'
792,503,'awQCgwzGiX','HVsPjWCKit'
668,419,'OuRkwzFdbR','ZuVNIqVzQC'
785,844,'IytwdAtuFe','KMpbkrVBFv'
469,994,'PEDLbPiGII','xaypZMOWlu'
442,944,'nVsXHXzYwy','rYogyNqQqi'
994,223,'IBPpvhebhB','lIphhSlPGo'
283,40,'GcMUPqtgTn','BdYHPZvNCo'
878,878,'nxvFMRnTXV','lrOIKyjkOZ'
503,480,'lHOLrJNlOb','ARZXktLMOj'
301,37,'qpspPoAuLg','hQHJAARhEG'
138,968,'sfyzpxbytw','sFAzntfRTV'
52,637,'SIVCjiAaTB','McRfGBrTxg'
811,332,'HsHlccAzmc','UcNXDPGctx'
404,399,'CeTCqadkiI','ctpTTLzeTR'
143,559,'aqMUpOvgcg','pWBdPIZPzj'
459,852,'EmcBCcUIvv','upCuDQZNJf'
193,844,'QDjkaunrKN','sdceqRKvFz'
787,153,'sqYaZMywNC','dHucENjGzs'
124,315,'PyFldcaGga','BZABwpROKt'
142,963,'rAwOXyHbmK','FvjxTnDzwY'
837,163,'RBAGRBTPcE','lnVFhbmLnv'
540,573,'bfrfLSeoxP','dzabaksliS'
989,154,'qmcJotqUKq','JAVmpJsnRg'
551,958,'CeLxlCfgzS','oSLrkjhQWT'
957,272,'veZHAjtKcX','HsysnZmaNB'
963,470,'WlkQaAKLpI','HCuYxQyUzm'
126,851,'DHmELimINe','lHQXIlVAlM'
975,301,'BRDymkbwmd','loChiPQnJG'
880,637,'XXSgIndDsZ','ZHqjxkTWRH'
459,433,'STeHtVtLAr','JlIrRdjVXF'
443,573,'IWNWPZQrhN','KgsZAtPyUc'
546,362,'LPRtYKeKxc','LUyLPaclkH'
873,642,'TFQEXUQnek','cQOIOQVOmx'
374,481,'dJwiWSthIJ','cchcehBiyh'
561,158,'qBNWeGcJWu','RacalxVcEh'
858,176,'tWnzscDpvN','ApIQNtLWPH'
358,814,'BZifVYNFdM','ELmhqwZdbF'
643,137,'kqNHhHVLVd','dAFBDPDouH'
392,480,'KdCkkvcTTc','UDbXlmDsKu'
475,585,'rObpNtoTrT','lLBfAPZmUx'
491,867,'lZNTDmkWTw','uUFKdztDMO'
433,432,'RttOzotoab','pIaeXZknAD'
595,387,'eMiXmWfufE','rMHlPxDdzl'
763,983,'nItvYkjMBX','gQKOMDZJUB'
269,407,'QelNxcCZkk','zmDKfYuFGl'
935,899,'SuGNxEzHpO','pndGLMfIeE'
269,287,'bPJVOkrLLi','DidFCunZVs'
655,348,'pBaavYDoqM','ctJgdNiOPM'
383,484,'HToXsqkUYd','zyIqooNElL'
254,974,'jufgmmaiMe','QGJvYSSOlf'
221,253,'LtCXjRIXNW','xzoHZRYOzb'
550,74,'EUlUkQoSnl','wMFupmbdnc'
758,568,'zMtqInmqDw','cjVWpnRbPy'
698,870,'oNMRsZtVzc','sqifGrlgYI'
279,198,'LUamlLJjkE','nbhSrXhWhc'
166,137,'XMUPCpDvxk','YNQAVFoClD'
621,883,'ihzEMimhRQ','WPONpybIJw'
721,163,'eiQrVBgOfI','smOgpPVIIE'
621,236,'PFMraRgrJy','GLagYfdZYK'
981,723,'zSTweoNwYm','FMQQAJzEdx'
528,409,'FWkNmAAUER','BsjKvLVyxd'
228,50,'liFHwAmGuR','VzEXVGmPgk'
397,674,'dkUammRBTr','ZUwzrOKMyF'
990,973,'jVKnGjcina','cMNCSOJbin'
991,155,'HyrWKvlYPW','zDJzrwepxa'
639,74,'plpePXogsQ','NAnYYHjLMT'
516,11,'jYJDsaiYER','CiwvZzkYhy'
30,243,'YdHgVvGpCb','vIrzGyHcmf'
982,218,'SANpbecJkK','WcclMngSoP'
469,7,'XlRBQrDWwb','VsgzjPSFHI'
951,554,'ioBzqREIoC','NgdEykMCeD'
744,116,'mPbZRkFPOy','MiUkTwWcUS'
321,265,'WwdidepcZy','AunXXduQwU'
854,547,'UMyZOvBQSm','kRYToaHCUF'
892,666,'gzEzfImstd','BObBySYSUS'
756,218,'GQtloTKlAx','rFIiVUmrgN'
773,265,'UDFCLsirem','KyQQtENsNF'
663,39,'VcFOIDiQEK','ULWUFCJBsu'
836,756,'gsdEdwkiac','tpjzdPMJjW'
617,952,'ANUEAGFjUD','bpTpPBxdHw'
4,660,'mMFCtlhQXU','FPHZyloAXQ'
545,293,'EbJpUsgkRn','XeBAXvHvlv'
633,501,'xAZcumVERR','roFnVHGSlr'
502,228,'GTmvnfJTTd','SKyoioyKsa'
280,551,'gbgMjhceGj','sdpcTHJNPR'
681,268,'vKeBNXoVtq','akTNofMPlU'
442,246,'VxWbVkeEXO','LlCsLRxjET'
200,56,'qaoQHeZsWd','rkmzWFeLSN'
43,52,'lpEbqoGryh','FKsisEONFc'
642,192,'rBcCGnXDrv','WDHTYEfSDZ'
4,847,'ccVzBeDXYZ','HTdqwWKJuK'
512,229,'vGdMoBXATB','JHbqFahOBj'
562,700,'ubTGcgKGfd','NAHmHtPWSe'
503,754,'SlLNrgnkfw','SZsAFODwDg'
288,577,'qIcanZBGne','xKcMczARzc'
254,157,'ODuWxGBkKH','PjosaZgQgQ'
498,798,'VJJIdEeFxc','jCmpdiveqe'
689,829,'ahiBWPFJKC','FennpcOkxa'
728,381,'PXRaeNMnTv','lMRhphYhim'
961,705,'ugzOppelsU','uEYsDWdTSV'
42,332,'eteDdaNicf','spKZPeChpZ'
836,243,'NLnyDXJBgT','TfQCFeqOGT'
970,984,'oQFseJLePL','IswZvPpNRq'
109,855,'klcQbwXBjH','sIVgFXnJjB'
184,747,'gRMNRUlkBY','mzwatAUpQg'
37,993,'AkTMtHbGkv','eBgMNnWcnH'
752,219,'DYoRwbBfFq','xqgbspWLWw'
720,336,'mvRNBbhHet','BceaLZFmkD'
366,695,'jtJVsVvGZg','TovyflHDqu'
886,676,'lIeJkCdaYF','ILSkQEebMu'
765,770,'MmvppcaOyT','edFczrQYlD'
754,236,'COGxGMnhVE','iEftExSOpO'
507,157,'eflGZpStoU','inVvFoaDUm'
668,798,'cFGucKAGRd','YiNZDsCrVb'
405,575,'aZaZbPbQSA','oeoPwppkWL'
638,823,'DhUhAiiTTE','pkhCZqHxZX'
813,21,'ZwcdLCXxcU','keDvuKgUFr'
759,44,'HZiBCOBhYR','QYOUvnxUtH'
777,653,'XnZhnHXVdU','cJsoHffGMw'
811,748,'mOYCxMlllE','EkumJsAVyJ'
447,736,'xQHRyOcsIQ','LuUwwIdoeP'
556,513,'PEyShgsKYI','HCBAjpDtBU'
890,265,'KopNxptzPy','pqlgGtZJOk'
991,101,'XUzHhvwoKT','fUjhJowCVz'
89,37,'eaYdHJTFsK','fgPQbBdveL'
17,897,'GtjMyUJFjM','YJlklgIzOR'
243,789,'kwOYfXBFDK','WtUPPmPbNr'
988,64,'bblpovxDfi','XxXyivztgK'
582,991,'paXwHzdvsJ','bMjfsZXWlT'
694,291,'IjYnRffifM','xjfQCLIvyO'
868,957,'qiTybUeNGD','KUAkJYJyLM'
526,14,'DvHPnqhOoP','HHZEHtzZiE'
202,680,'QgYUIchGRi','OMhSWcTQbz'
706,571,'dlxoqzMbax','AsapoHrYtx'
785,770,'dKIurBMOOQ','lBiQhjEtkt'
459,194,'PqLNjWKRpS','KZQPxyPwwb'
476,800,'NVwmgOhPHA','OSckQtdLDz'
120,219,'ndOINpeWaB','sbvBKmmasd'
803,630,'FujkRdqpkp','AkWJIuQdmY'
929,512,'OajdApbWif','jhtSGPqSEV'
290,765,'cNVQbRHUMD','HIDVbvSZvx'
916,102,'BDPlIXtXfn','qruFWubBNZ'
372,351,'ymlBnPWrBd','sjEGZoNjaB'
428,74,'tCUBVzRzcf','ytAEJbPXNG'
138,492,'aqYeeHLOUv','INkhGzupPA'
449,763,'NmLzKZwvwR','FjQQnJrIUT'
47,159,'dhEnzZDQma','SRsrXgSseV'
359,518,'kbcnIVkpdQ','cNKhqwShdA'
126,53,'fUBodyXpXd','hYDkqMiBYR'
661,376,'axJTDpmkVR','qcgglJXaHy'
507,3,'MJHCKpWqjB','AYdIFeObRN'
214,752,'QxxwytIUyL','lbxdEDZiyi'
475,881,'acpcLMOMlA','lxQMTucRZj'
401,191,'RFliYBkDnh','LXZYIctaEp'
98,595,'bCKqedVGtT','rRxUJpEJGa'
426,184,'HhTZqTsIWf','bghDaUOLSG'
202,817,'SLEgwvIPAS','JnIbBkVUZn'
681,462,'CjXGPVMQHn','SsOVLawxzY'
689,798,'BdnpTeivHR','RVaSgqVFIr'
859,220,'hHProbkBBu','LHOGvqqOxs'
157,156,'gOabPgzubu','DgLcWmQiFq'
955,360,'sLhHOOBCfg','WGpktoVXYG'
428,319,'yTkNcBMQVT','OhISbfyUSB'
979,503,'FxXyVHNQIP','kjgEzRBtvr'
792,31,'LPAvtaLpzC','EyeVQppkhH'
526,651,'gEXbDFgSsC','buCMfdzAQu'
885,419,'AgrVzcXqts','xeGWnBmHbv'
991,480,'NLsVGrKtjL','NiJiYxHafj'
890,864,'dQQzyorBoG','ArPgPpuzmB'
545,87,'GCkNKWpFfg','OyzvAhTrML'
689,720,'ayXZPeTeml','YWIZOYhdmA'
725,677,'sOXkyTIuSh','aRGvBqJAkB'
301,366,'NABePTLniO','SOgSYuMUcp'
476,562,'OwZzLNgfRO','DKQIjhvctl'
211,489,'PpDAEWTVof','mCjaEWZObU'
112,895,'OTLbzEfcjN','ZIzfgBXvMJ'
495,559,'YpXsKnFaPA','tcNOlYbiqw'
964,283,'fyyeoHeZcE','nAVJVikBAF'
751,582,'xkmprJdfnm','oLXlGeCpEx'
148,935,'rNjsoacXGB','rODLpAbcYQ'
152,559,'KCrwrXyAxq','dIozHpAvrA'
476,220,'VsVaumpEgd','uwhujbvxQq'
871,940,'oMZRerslnt','yFKDaEbYAt'
252,395,'BxFVNcBInF','kLLtNoMuaF'
571,44,'UJuDFlcKPg','IepkvSaCpT'
318,519,'YkeoeMEvND','pffAoiYPpo'
748,782,'cdkqdFyqOY','WOARBClUlr'
851,748,'oOqXFLaiGM','trhSJvErvy'
128,951,'qLBmESbogJ','zDwUAHeadY'
970,176,'mnesMNpYKH','fvwGXQdcTt'
994,462,'bewnwIxTVX','JEBbzkBZZb'
632,825,'WyWPNOmBlC','AgkCILmcKs'
250,218,'ylFQYRmgcw','jWipUgKQKj'
147,542,'MCenXRmCht','mjeLriFhaQ'
20,220,'IRSjuUTSKD','vnPtJvDkvZ'
442,56,'deGpmBMUtq','WoKFENIbAR'
517,154,'pIpntGxNJZ','chPtBaXfAv'
520,407,'VswPFAmjDZ','cdNzjgbUVI'
484,507,'wuFCrWblXt','KqquBhXaVP'
456,173,'MEuemAOglf','wMJqqMGGLN'
425,349,'IhPCHbrSuL','monBMxMEUU'
927,613,'hdsnAUVhnh','JWaxExAOCC'
612,973,'CePDjxRcEx','ojxLVcXbxV'
909,947,'UeHHyzYiwJ','FSvVOroCob'
751,492,'qlbrSSYDSM','jczRVyXRsB'
725,976,'KPjgxXKoOy','YeCvcLMBeA'
511,853,'MiJJQyQiWe','NUziLUdOCa'
97,680,'HYMnwXcwCG','DWppMAIhZc'
436,601,'LJqKzWtZsU','qDEcAvOzmA'
228,847,'eySMuxUFYc','omCNFzkDOv'
85,989,'wCSItWYnia','FQcqcYkWNa'
677,39,'ekATNEHUvM','LmGWHdlVpR'
332,74,'FNEMEsRBFi','WPgbsyBaCk'
287,566,'HLxFznKKrW','tkNjKGKtzW'
430,614,'kISVjHrSgX','UtvrJXFodc'
751,715,'zoEQaqwLvR','mAzJkEoaZg'
935,525,'WxjeccWjNa','CajKStEmpy'
112,156,'KyOkhrMSGG','OrfzgVJIYe'
819,406,'KdxiGYwaiY','vwZzjWXNxP'
320,647,'cqLOPZznnT','VfaCrZPmIK'
972,321,'YSPBvgKyZl','nJrIrwEvCM'
829,69,'QKpDPTdFov','AlKCxatvKF'
314,228,'ExQTjnDgwz','ByOjqUrfHG'
833,184,'syvrTPuzhl','VElYfhXGSX'
699,876,'WaRPmMUiVX','ammrlKUksS'
437,211,'sFZXgzlZXX','oVOGdJOVjK'
956,117,'ALvxTglldI','XhmolXWqHj'
336,776,'uWOoaBFWQW','HVsSkmzauj'
479,249,'xZVLyIZvZK','RHItThhRsV'
141,147,'mWvWkcjMsl','ZSlIiMUIKQ'
435,52,'aKiQHjhowF','YXpqaSZGzx'
621,592,'sONvFrliqP','csTpGCumIA'
343,979,'caSbckJgfk','tgrDOJrUpB'
601,753,'wakypUjaQG','dXhkzlzgNq'
878,828,'brZQFfmWBR','tXTUEMcSRZ'
200,347,'YoHxNqsKVL','jZxSEduGak'
148,113,'BcrbXdyDSU','laFYJUUNRb'
59,493,'ZRemLgZolT','RbSzwQMNoF'
2,936,'tGYOCfMADP','KGkMYtDFQL'
514,989,'uqkIoceLUu','tWTiyftSOd'
878,116,'YzvlYRQHIr','lMCoxWaGxa'
48,76,'LnMujltagr','GuBvRDSQQI'
890,747,'tUOIrCxHrc','eJyEMQnTSM'
563,490,'dKbVaXlQob','MFYNldeYUQ'
583,92,'BPknuCzLAJ','AJNWCTKHnp'
32,957,'wMDEASkYwx','hnRbdqiBVx'
162,814,'OFYkamMsLc','vLkGEtWqkf'
632,983,'zuvXxKnRrh','oDWWeSWirm'
736,84,'kvDUaHsklU','PfhiEIWPjM'
484,929,'gylHrcgJAS','ObPrIgQwOE'
93,205,'oYqzQXLtMm','DoqAUtZUZS'
149,916,'VybmOdGHDG','fOLjKXZIIZ'
601,799,'eRPuWpkAbr','xadBjjysZY'
617,786,'erfQGbjuPo','LWvfxwAjlx'
173,991,'bUtazLuPGf','pTEQpDcwYS'
109,100,'nQmOnyfGbm','oLvcWUdEvV'
13,58,'sMzqCsfOYP','agXzNYZImq'
699,82,'LBuErCYWos','KQLgJliSyZ'
655,816,'MGonbtFrDK','eiikxJKkUh'
162,125,'AuzzBHmhrx','LRQJYZGukA'
587,970,'ekCxqNinFR','PIpPIVXOma'
333,899,'lZxuMRZewy','YBKsiAQLgR'
621,14,'xCbuPVccin','tFsiDBBGWM'
963,219,'hMjXBMjDWA','NWGeJouCjH'
600,525,'gWakvSFVDG','ZUqHuxrVHl'
131,940,'UjKmQgMyuR','mwHktFuazW'
555,858,'hyYHjFbnbI','eJaeQmwkMT'
836,955,'KprZlEsIEZ','hycORjYRLb'
114,952,'EVlxQvAeSx','JNqIMpBtAA'
554,494,'alqEwfZoQP','xRPEhfqmTu'
683,176,'UZcdcrWzrA','lvfKxcJnYj'
545,463,'XnawdtyZeb','FkhdxPaUhw'
404,863,'qGrvxiSZPg','pQIGOqHoRr'
48,7,'PMafxGOaki','GFWcPdfyFh'
209,554,'HLHwgkPQpY','QVRyWEAIwP'
914,513,'SCtHZnFhEJ','jluPDLGZWq'
44,695,'xCRaEjODUv','TIAYqySduk'
375,117,'MTOaqfeakE','LOCjrliNjk'
214,827,'LPxpdMTTqB','EwWDIwkOWs'
250,609,'vODtaWKzxu','vSfVGUeOhw'
95,228,'YiBfwOyBgU','gNHcuRXbFu'
391,886,'IRRxRpTAMp','DQsPQrrwYT'
204,263,'CfIVGfXoWu','sCNEnNUqgb'
47,366,'jtbjJCzhlZ','owwHGVfDRN'
198,371,'bmgTCbegRI','xallQanwhp'
981,747,'DLPBpQXUgv','pAPsdemiow'
861,319,'YGqevoFDgP','lckfQgVIJS'
896,657,'PAhJgbndSA','BLNjfudGkl'
881,1,'BRUPvDVcIE','WKhgLBEqQi'
200,990,'rJnFlujqgH','nrgxtUIIEO'
191,850,'qKRoxZRtkW','VFVIRLJQLv'
148,161,'mvFsNIxNlC','LuCvtBOlzs'
927,614,'IYlAJSTxXA','aIVHtvnbcI'
858,684,'lCYgpIIlUx','sZvpIvAZcD'
162,483,'uzWwmpjJSL','iMFBZVIFdG'
143,858,'sxuvUUIWeE','COyUsdceGo'
598,609,'xvKtzdVpsQ','PixdslIGjN'
795,785,'LvpHubGpGM','cyJTpmebLK'
785,279,'hqFiECnheC','PBqBdznzng'
1,51,'jXhRCERrWa','BcGeIHHyjI'
70,869,'zROCZLirxe','QPHZomQRXj'
637,320,'FWnptQrdJK','ITaYSTbiAm'
850,788,'MXUwzUzQdB','ZHHjYfnMlO'
27,582,'UPsiWjqzGq','ccWwNtitBD'
169,560,'qwHCbyBCbK','HjHffCwEnQ'
121,93,'nuUYxCJhys','OflLTRnspm'
184,820,'ppXLEijgUe','mDVnidsBpi'
861,431,'HMPxGtSuxo','vNlccWpsFF'
31,695,'xzPfhEupBT','UQycsESFBc'
109,246,'TaOvhjMyfd','bfFRIwfBSw'
859,239,'PsFGfHkPgy','AOEBgaswzt'
641,540,'SfVAOyWikQ','xJDgyIEjbu'
436,374,'UmWPbxWzoU','cFsUYmoGFx'
502,928,'FbaPZLGeIv','wbTayOqDuk'
759,385,'tTixxYXSXG','mLYZaBLzDG'
603,688,'viKFZkaUNI','zjwqLAoXHO'
836,236,'yFaBlGCMmr','VuGtqHUCyo'
741,204,'cKoLaNQEmA','vMmgWblESM'
44,456,'lLeLxmoBTB','igOKEiWAgv'
71,190,'VOPUothqfd','TuQXkUlMUZ'
125,793,'ABsqqaWvyG','qRKeLQyqdV'
173,785,'JniCnptKhA','cUNRvRiYuR'
352,64,'ThZWKGonPY','CXUjUvtItt'
736,820,'yyjuHIqkho','URfiAIwZdG'
888,786,'LmVfWdUEaw','cqzKMuhUGI'
892,64,'SlvtYTjqan','tneqBXPAaj'
20,834,'QGqrssKxgU','kpQLIgqmOC'
503,56,'APSkIJRNnW','ptvfiVAkys'
130,160,'ybzHoMghJq','dStueGUdrI'
39,64,'wpoLDLwNQT','rzXANcnqsS'
721,817,'IAibHbbCSp','BYAmwuahTb'
818,171,'VUPhJwGBNx','muXfZRieMW'
921,236,'CfWSVBUYDi','BWDoGquvEj'
591,292,'ijgIFEmvOS','QIKoAhFdvX'
848,804,'GyQFBcPYiz','mSadqpDNim'
133,867,'OZSGvUsTmA','RkvlQovasR'
