title,category_name,user_id
'PwkqEnatBM','Python',1
'lgtZVLteLD','HTML & PHP',342
'OHpFBjesAo','SQL',221
'CcVuRDFhLx','HTML & PHP',951
'bQzMAmlgoI','HTML & PHP',730
'mCBzSfoJmp','HTML & PHP',455
'DvESfgzkZn','Python',144
'glVLGSWcHm','SQL',842
'uaXUfjkUTT','HTML & PHP',971
'kKsmSWFpLK','SQL',442
'ElJMjBPmlu','SQL',910
'rYPiqxJJRo','SQL',96
'YNkpyhBZUh','Python',766
'WLVNIACQRB','SQL',322
'QNncpuWVKF','Python',40
'mkQKyurYfH','Unix & Linux',673
'MTREXkITDg','SQL',513
'GfGRBblzBU','Unix & Linux',108
'UBsCXeocpc','Python',105
'ucEoCbOcOc','HTML & PHP',178
'IriGsNnXdH','Javascript1',213
'ABKgNAsGGo','Python',802
'LBnKZFmggD','SQL',703
'roDOwCfGfm','SQL',841
'yciWAwpCMg','Javascript1',272
'uOOXKTcQgs','Javascript1',494
'ZWKfnogSuZ','SQL',922
'LZnAPJWwmZ','SQL',75
'gbnxuRzOkj','HTML & PHP',268
'kOXdCxaQxO','HTML & PHP',108
'GWudTjrJzM','HTML & PHP',96
'acauwEzFlz','SQL',105
'ZtbkWdkcjN','SQL',606
'hMVWGZegru','Unix & Linux',170
'zcKNUhuDqD','HTML & PHP',963
'USgQmTNJex','HTML & PHP',443
'aOfYKwIIue','Python',335
'wCFpBujpat','Python',700
'fIzlUnHbWx','SQL',754
'wfdqzbqoLE','Unix & Linux',940
'EnPaehcTUW','SQL',29
'mNmzQUrCcW','SQL',804
'RBREsupCtf','HTML & PHP',188
'LlfgcdwQdn','Python',102
'AjmZayaapV','SQL',121
'TDavbYgxyh','HTML & PHP',327
'VWSZDjSCPb','HTML & PHP',283
'BoHQUbdwQX','SQL',34
'kszoDBpzvY','Javascript1',272
'tBiTcCGRcn','Javascript1',297
'NibSufyETf','SQL',963
'FqxYNGsuEf','Unix & Linux',398
'LHVfkXfcFo','HTML & PHP',931
'FycDEidyiH','Javascript1',159
'TcwaIoMjmz','SQL',348
'dzSIUTFqfZ','Unix & Linux',381
'wzsUNkUrik','HTML & PHP',107
'iNnTFnVcIL','HTML & PHP',559
'pTtZeMSSOY','HTML & PHP',286
'PAExNSCbOw','Unix & Linux',543
'usVjdDTvYk','Javascript1',82
'EkOizuASFi','SQL',850
'dMuGehEUXO','Python',224
'pnbySDDdFt','HTML & PHP',145
'hyVssTVrIn','HTML & PHP',941
'EBEhpkGwsF','HTML & PHP',28
'HqdoUKbBle','SQL',500
'dvmcfoMjxH','Javascript1',633
'BGJTAudkJb','HTML & PHP',565
'EknLmlvkfk','Python',982
'tMsnxZscBZ','Javascript1',334
'GSNirFSohR','Python',704
'VEfNAFbPnO','Javascript1',832
'JTYFrNhMDe','Javascript1',31
'fCUmKICaaN','Javascript1',173
'mVHcUnyemM','SQL',212
'TSFXQVJupB','Python',861
'clrXKWkMir','SQL',558
'PtrqaMCSXw','SQL',979
'hrFrDRrAoX','Python',348
'OhZGyiDVjJ','Unix & Linux',519
'icmezgwxFY','Python',40
'rOtEsQqucW','Python',85
'wMbAijtpxa','Python',339
'gaWCkeNDYT','Javascript1',341
'QHiqBRnOQF','Javascript1',108
'hsErfvVXNm','Python',845
'KfZVJxxJvi','Unix & Linux',25
'zdgrtdxRmk','Javascript1',581
'RZWRRvwMsH','Unix & Linux',733
'wkHYfnZtxz','Javascript1',235
'YztXNUfwZi','Javascript1',20
'EPKIDXBfki','HTML & PHP',773
'raUdpUPwWK','Unix & Linux',231
'FpFuGsoBDh','Python',371
'IZzBktvYsK','Unix & Linux',936
'NYIdrljWlf','HTML & PHP',663
'UrrUyNiRgt','Javascript1',754
'lgDoEkjfAD','HTML & PHP',95
'ikmXUZiAmX','Unix & Linux',539
'ZwdUvgBlhG','Python',52
'mMZNVbiMuV','Python',582
'ZVLAkENOXB','Javascript1',28
'VnkZFkcNnP','SQL',343
'wPzggkkfnu','HTML & PHP',262
'nFbyJAhTwY','SQL',191
'iRObtMyrHh','Python',219
'KGkGGfaYBl','Javascript1',700
'FngEjOfjRw','Unix & Linux',551
'jbSfFQaXgy','Javascript1',122
'WwnXPUUFLQ','SQL',49
'xTmvBXbUqF','Javascript1',354
'CWTJjoICIj','Unix & Linux',909
'MkvnuIyORD','Python',864
'ZYHkBLOXZU','Javascript1',399
'GxptUuynzp','SQL',362
'xlwdsaOKid','HTML & PHP',296
'bBrptrDfAd','Python',323
'XqJdTlzBDv','Python',127
'dFkOBFgMgM','Unix & Linux',191
'OWJnJusMNd','Python',349
'yMCUoScCQe','HTML & PHP',965
'TiNVGtrGnF','Unix & Linux',130
'aTnAZtjPFm','Python',64
'NYZiHUGTVG','HTML & PHP',974
'ArcDRTiBcZ','HTML & PHP',719
'AcKpcGFfak','Unix & Linux',672
'fMFRXdEbPW','Python',370
'hugTjQaamV','SQL',387
'uBpomDiKLG','SQL',160
'oxVEyiywkB','Python',1
'PExiApiUSV','Unix & Linux',536
'uidlguVQla','Python',472
'ZIRNpwWqLy','SQL',319
'dfyXxNKwqr','Unix & Linux',591
'srcvkROcLV','HTML & PHP',133
'ZbLxoTFfSy','SQL',998
'anHDUwpXwp','Javascript1',473
'cDEMyYPuVt','HTML & PHP',535
'kyyeBwQUkX','SQL',133
'ZSaVrBEbYd','SQL',676
'WUArrvedkF','Javascript1',223
'mvcavRLcGK','SQL',144
'BVIAXoThLi','Javascript1',105
'YjKDQAgrCp','Python',618
'jMFZGTwBCz','HTML & PHP',583
'dSdstNnQHp','SQL',692
'xvrTJVwQSV','Python',16
'ViaMTRlOOw','Python',170
'zBIzqiWbyS','Unix & Linux',178
'YIsQbtFGVZ','Unix & Linux',116
'HECFZMFdMu','Unix & Linux',321
'cyefdEGlRr','HTML & PHP',842
'vlkrMbhMOC','Javascript1',388
'uBItIFZuBa','Javascript1',766
'nPqXwXwWUz','Python',665
'WZbKOYboiB','Python',159
'TNBKYpCmdr','Unix & Linux',457
'bVbsecaUqw','HTML & PHP',693
'yzROveMEcT','Unix & Linux',433
'iTrVtsuJuQ','Unix & Linux',573
'YiRkhrblUB','HTML & PHP',229
'SbJhOtXGSi','SQL',711
'pGpbqKQndd','SQL',348
'KNrhefbupo','Javascript1',866
'iUpBiOjmHa','HTML & PHP',554
'SAzPNhgILs','HTML & PHP',125
'bZgXgUtazN','SQL',957
'QFwpkVinPg','Unix & Linux',235
'lBkuflFfMp','SQL',492
'AczXVVmPXP','Python',416
'ikizsWzwLr','Python',36
'ktawmhbtQI','SQL',864
'jwSGHRlXnD','Python',630
'JQStvnsbVp','SQL',380
'vmmYLaRDcx','Unix & Linux',692
'wHmLjunqVv','Python',438
'RthBNktcFk','Unix & Linux',772
'YetDmMPnIJ','HTML & PHP',556
'ESXWkVjsEQ','Unix & Linux',274
'bpbbPcXWJe','Javascript1',836
'ZBuAYfOlBX','SQL',400
'CabPhvHmLb','Unix & Linux',344
'MDdGiODSBm','HTML & PHP',761
'YmnDYuomAB','SQL',171
'UubRRYDErO','HTML & PHP',387
'VxRvhzAkRc','Javascript1',645
'EGGjiEUxMA','Unix & Linux',297
'XLZqSwlOSA','Javascript1',371
'hQUKBxNgos','HTML & PHP',1
'ctxmLWneRn','Python',948
'aijTMOfuOi','Unix & Linux',473
'EgdmDSRlAA','Unix & Linux',657
'VxVOLYbiBf','Python',144
'dXaYoCIdhg','Javascript1',130
'QbBGUOkpGk','SQL',865
'qQGFSsWUrR','SQL',936
'VcqqhoxEpD','HTML & PHP',493
'VllppmvUVA','Javascript1',143
'soChaXvWsY','HTML & PHP',160
'QPHzdfrUjJ','SQL',391
'HLoEipMCFp','Python',950
'ggJzURJUTz','Javascript1',569
'dGHEtitHFw','HTML & PHP',975
'lSNFqlJTFA','Python',336
'KdwPUrZxgx','SQL',479
'OEyWxBrLVO','SQL',507
'snrUTviLiZ','HTML & PHP',980
'gTENsWKZlu','Javascript1',867
'PZBRoUoMgM','Unix & Linux',923
'vNfBBYEpsi','Javascript1',60
'VwZJmfBpMN','Python',436
'JkHMgSWcoH','Unix & Linux',461
'aIDoHxQlJA','Python',362
'VKTzmiQDgN','SQL',141
'irQNcBdIvq','Unix & Linux',129
'KCCxgaihtJ','SQL',651
'QwrKDSNovw','Python',633
'CRsyBJoZPM','Unix & Linux',656
'gwVrFdvPGi','Unix & Linux',107
'hUaGcjSKtl','SQL',793
'wGxxCOfmEU','SQL',565
'aHTEAdTlkm','SQL',347
'lKjKUfvriY','Javascript1',15
'QMInfGtyvX','SQL',943
'BNHqgXHZRQ','Python',279
'wVsvruOrFz','Javascript1',210
'UHLULzpchW','Javascript1',815
'UKoqFPuQLG','Javascript1',579
'LDJRfMFdtO','SQL',968
'SgbozKoNch','SQL',141
'vCOOIgArfJ','Python',73
'yENGCmoyRO','HTML & PHP',837
'WZOsaJuDob','HTML & PHP',395
'CGdFCMkrqX','SQL',473
'PRipOvmEjW','Javascript1',313
'imoAyAsVgU','Unix & Linux',885
'UdMSuIUmwj','SQL',330
'joYMxbePJb','Python',639
'ORYEhWBkdV','SQL',771
'AnAaBjGAlR','Javascript1',223
'QUHljhcRjh','Javascript1',491
'DruglexWbi','Unix & Linux',96
'PaflvPNCGs','Javascript1',178
'mzrXjKoOBk','Unix & Linux',594
'xOYRxCcnbo','Python',672
'QRneZjZsZu','Unix & Linux',212
'kPxRxwKSvL','Unix & Linux',168
'zbjnlWwQhX','SQL',990
'zbcvXmgLcl','Unix & Linux',766
'tunMQSkRbI','Unix & Linux',397
'DcskIYKoPH','HTML & PHP',986
'rRWDQNWLrA','Python',7
'XOXTHhnuWJ','Python',416
'rHWRPHdpft','Unix & Linux',952
'uvuhwtWxSC','Python',605
'VwVDDMyvro','SQL',770
'mGdOpuZNXM','HTML & PHP',947
'AKBpZyjxPi','Python',636
'kznWHhjzuw','Unix & Linux',865
'mfaVnhCtHi','Unix & Linux',324
'uzhhvdeSTv','Javascript1',862
'ODFuvBQWTq','Unix & Linux',841
'XWhiONdUpw','Unix & Linux',139
'QPWeGvVtVd','Javascript1',85
'itOeiZUWIV','Unix & Linux',184
'JRMGHJsVsi','Unix & Linux',182
'WQesysuNsk','SQL',962
'eckGgINwEZ','SQL',591
'cMtbKrwXcr','Python',766
'ZHeVzVamkD','Unix & Linux',539
'VLPulroduB','SQL',336
'NvEsBjCBll','Unix & Linux',456
'pbRQqLzKRV','HTML & PHP',754
'VcDRlkwOEe','Unix & Linux',766
'JKaEqyNxWQ','Python',31
'abPLnYCmqM','Javascript1',997
'wCbPrMdlty','HTML & PHP',473
'YRQIdhWABX','Unix & Linux',754
'xtxjfwGWfn','HTML & PHP',987
'EEnwRGqopc','Python',732
'KFjbknKTpE','HTML & PHP',554
'WwlpuoVKMA','SQL',40
'yqcTMLSERm','SQL',74
'AfdSzYICoz','SQL',584
'GbguBRTtlp','HTML & PHP',872
'zDtVQNkPso','Unix & Linux',134
'HrGAXWdGyK','Javascript1',539
'wnyTyTRwqv','Unix & Linux',513
'ZwOHdgdfBi','Python',235
'rQBBduMISV','Javascript1',162
'xfeEpbSTMq','SQL',473
'mcmGkYyrQd','Unix & Linux',121
'GlagXlqQwy','SQL',348
'orEnvbCcit','SQL',117
'EBhCBajPEh','Javascript1',711
'TPmklJFBmA','Python',158
'SjQNTeNkfE','Javascript1',399
'xIoOnIdStc','Python',167
'lOEMdSsqkN','SQL',677
'MwmYhERZRC','SQL',685
'gEzdwQnfrj','Python',848
'sgnGWvzrBI','HTML & PHP',422
'qbGftOTBkq','HTML & PHP',630
'KGlBTGxqTP','SQL',743
'gAtwOituAh','Unix & Linux',903
'TtMznMvihk','HTML & PHP',260
'plqYUYoLGE','Python',373
'SFuKPDUBWZ','Javascript1',198
'ueVqGAEwCv','Javascript1',158
'KTzQWPRtHB','SQL',583
'WxkKEzrmFm','Javascript1',872
'frfRZeBQoT','Javascript1',586
'DiNQsXXfKx','SQL',592
'CwzfjeZASa','Python',772
'VJyWRqoBpw','SQL',434
'JOWtnepBRz','Python',539
'jiOueWaXOY','SQL',594
'nIRMphdxeT','Javascript1',972
'DosHpRoyZY','Javascript1',138
'QDvbgxTAdG','HTML & PHP',267
'NtFPWfvRAB','HTML & PHP',920
'VOgHfXsCjE','Unix & Linux',911
'NHEyjMBPOO','HTML & PHP',952
'TPlELQhWRF','SQL',739
'rEsBdnoMGt','Unix & Linux',310
'pDmzxTpTSw','SQL',542
'ueLtzIdFoo','Python',397
'DEBJGmhwVP','SQL',685
'AuuhyrgaxP','Unix & Linux',300
'AVObhUkLQu','SQL',329
'JPGRESVNDe','Python',313
'dYszxaZhvB','SQL',39
'MTdtEZjriz','Unix & Linux',32
'NZXLFLLPSc','Javascript1',560
'dtCRjEVpay','HTML & PHP',443
'zScUpBMSZh','Python',711
'lDgHQUSPNX','SQL',756
'JwfYPxJCyq','Unix & Linux',313
'RwFOBEZYWa','Python',260
'dmDTNuwAMg','SQL',391
'TqxtLZYNLa','Unix & Linux',407
'rYLfBrYfpc','HTML & PHP',10
'VOeirTIXae','Unix & Linux',610
'rgGLWxfgWQ','Javascript1',479
'xbYypuLhfX','Unix & Linux',471
'FAUFWINgJF','HTML & PHP',832
'LOSsNrPVJX','HTML & PHP',915
'RlUiAbVFJm','Unix & Linux',156
'HWyoKFItwH','SQL',391
'MbizTulYkE','Python',629
'nrYkyolpaV','Python',461
'fuEKygKpbK','Unix & Linux',472
'HmKQSzGXKo','Python',677
'IRlxHUSkcP','HTML & PHP',960
'apZadPBeDW','Unix & Linux',121
'ftonjNHlIu','HTML & PHP',330
'QYJcmrUcde','Javascript1',702
'GidrQiPjSS','Unix & Linux',754
'mOpFXzpunf','Javascript1',837
'WPQspTFSpS','Python',411
'IZNOyVHUrq','Javascript1',517
'KhJVAGDAtf','HTML & PHP',18
'ywHYvzVLoF','Unix & Linux',315
'waLbZBOLRy','SQL',771
'ShypcIdpVT','HTML & PHP',605
'FkobIOgZXl','HTML & PHP',924
'hJuZVenWrj','HTML & PHP',121
'XyjZKyYaiR','Python',645
'ncLlYZZJso','Python',680
'TfQIboRhaY','Python',504
'RsMRvuiZAm','Unix & Linux',519
'PEAMCaLaeB','Javascript1',994
'hNkOgZjoql','Python',578
'RDQQIbhyTW','HTML & PHP',974
'QUueguIimf','Unix & Linux',362
'kwEjVDLyuh','Python',519
'FeyGZIEUrP','Javascript1',10
'neZCXtjCYu','Unix & Linux',581
'AYKuynXKKc','SQL',212
'zGjJGDGWMW','Python',951
'xHQzZlOnzE','SQL',986
'LzGUBeuTMC','SQL',471
'fgBRsZchvh','HTML & PHP',791
'ygRmbJcVgO','Unix & Linux',10
'YdaCnpfphU','HTML & PHP',656
'BaXSeGHpKw','SQL',268
'haMBryVWjD','Javascript1',409
'vNWsZUpCLs','HTML & PHP',578
'fnycYUtFPm','Python',519
'WNtUXZYnQZ','Javascript1',447
'omXFbgwPkW','Javascript1',666
'ENETvCqhJz','SQL',573
'EMSdFncUfr','Python',45
'wrdkTCMPXl','SQL',494
'dTDEwWAIKK','Unix & Linux',471
'PDWlJghNGN','SQL',60
'UQkBLfSZVs','Javascript1',623
'MalLdgyBZw','SQL',954
'hPduXtmTLX','SQL',407
'izGccxTHCf','Unix & Linux',411
'hGFYZadkkM','Python',605
'XEpisMOMrE','Python',125
'BCJPXLXGCv','HTML & PHP',672
'UCPEGdZAcc','Unix & Linux',699
'qMzHvFOnjH','SQL',863
'qBvYlWrFik','Unix & Linux',944
'txgIeRwogi','Python',330
'zgftdQnvvh','HTML & PHP',313
'ClSenVvAKy','Javascript1',213
'PnQWejoQgD','HTML & PHP',739
'xFsgQPRwhV','SQL',851
'nWfYkwgUsO','SQL',39
'ncnvZdSUvI','Javascript1',43
'zynzdtEYNb','SQL',373
'hsrJwXodPl','Javascript1',133
'MRpELIyVXU','Python',772
'fyIetrEpaN','HTML & PHP',964
'TuVYqoxUsA','SQL',202
'bcGZsOWULt','Unix & Linux',964
'RyOXekeawz','Python',335
'DfjmkIfnVq','Javascript1',362
'kpPZOLIOMd','SQL',420
'TfekIlYoCp','SQL',770
'FBJPDpxPYJ','Python',396
'yWYelrlvoc','SQL',241
'WXeJiyRdWS','Javascript1',365
'HYlFcjcWYB','SQL',921
'iaZEwCXOFF','Javascript1',680
'KauVpgNTQy','Unix & Linux',80
'dCpjLDcjFb','SQL',552
'DuGqAOiDzC','SQL',21
'nHANytVQID','HTML & PHP',571
'OVExSSJjfR','Python',139
'bWsXkDtgUD','Javascript1',321
'ZJNERcgHbe','SQL',663
'mpSpfpRDfp','Unix & Linux',231
'IITngftlNj','Unix & Linux',486
'ZxZXHPBDgr','SQL',341
'OcOvmjWQHJ','Unix & Linux',809
'cbmzjfGQOY','HTML & PHP',662
'jRQEZqxbBS','Python',178
'fXsxTZfkTW','SQL',29
'YytjliKQDp','HTML & PHP',968
'UtYNOASgui','SQL',946
'tIVXuHJeUf','HTML & PHP',946
'jznSiuubCA','HTML & PHP',262
'aBJQBOCIVF','Unix & Linux',438
'fthDFxurWo','Javascript1',944
'taIaqekTFO','Unix & Linux',864
'aXNuFjStTq','Unix & Linux',885
'QGZlsCruXz','HTML & PHP',181
'mLAkwIZPxx','Javascript1',791
'DDbLIDSaZl','Unix & Linux',342
'VvXwullEvV','HTML & PHP',975
'vvibeESCkQ','SQL',963
'HJizNVdQQb','Unix & Linux',985
'BDvmcoJpOG','HTML & PHP',727
'ZRFUmCqraf','HTML & PHP',672
'nwOSCpFNnm','Python',647
'RHbmDyQIOn','Javascript1',742
'gUhnYGMsFa','Javascript1',143
'SzdIMytEaJ','SQL',241
'frPGmJFZga','SQL',663
'IPtpqxTwbm','HTML & PHP',592
'QsUVEShSVg','Python',319
'eyQUQaruIK','HTML & PHP',727
'yYAmLdgKqv','SQL',716
'BNGFJWUmdf','Python',343
'tMnhffGJhb','HTML & PHP',581
'zbCOFSPUwN','Python',166
'rjVyUOFphF','SQL',683
'LtCcMTvLVd','HTML & PHP',944
'lBxjRBLLtL','Unix & Linux',993
'QkJWizgVpD','HTML & PHP',676
'xTLyySjhFa','Javascript1',520
'lREkMdlYBU','SQL',116
'eXJgKQsslg','HTML & PHP',164
'gdrLCSLFLH','Unix & Linux',71
'yDZJrCqdRi','SQL',863
'EsmyrLLDgg','HTML & PHP',640
'XaLVBCERPp','Unix & Linux',798
'FHOVdOYlCA','Javascript1',335
'qxSQKOXHfL','HTML & PHP',291
'tXxmRfxrXQ','SQL',230
'zVfyYNcENw','SQL',653
'dmcHRAyywp','Python',537
'AwiicXKQQm','HTML & PHP',60
'VgWjYldswi','Javascript1',52
'qNnBcpwFrQ','Python',268
'DmfrzoMrho','Unix & Linux',397
'NDYBaSFcEB','Javascript1',221
'PBcSsMmeak','Unix & Linux',915
'kxbPnmbIqv','SQL',347
'dJVABgUOku','Javascript1',117
'bXgIwdOHOO','Unix & Linux',639
'DizcKQGWuh','SQL',391
'RdkkKopBBN','Python',783
'hyPCZYmOWn','Unix & Linux',558
'GWbqJPAYjY','Unix & Linux',743
'gDvZAYfSWz','Javascript1',827
'siDkSoiAHs','SQL',886
'AdXrhVFVAR','SQL',988
'yWOaIMsuQt','SQL',731
'hxDjqDAhJi','HTML & PHP',830
'RCuuCKPWVd','HTML & PHP',416
'VJYjRQeDMb','Unix & Linux',1
'mIIjqchrmS','SQL',191
'sxeUmwkMCu','HTML & PHP',725
'bxBYsYyDFD','Unix & Linux',212
'WtyCZIgvFm','SQL',864
'TZQiSmwjAy','Unix & Linux',737
'dYzOsrUbUi','HTML & PHP',356
'yclXPtyKWu','Unix & Linux',198
'aRUdWXLQnC','Unix & Linux',262
'WvznoKcYdF','HTML & PHP',799
'IfheRUjYVg','SQL',436
'LibtuMQmRK','SQL',633
'CzEEjgcvhT','Unix & Linux',280
'LKdOoOxtNk','Javascript1',519
'ZssohDdjMe','HTML & PHP',105
'OBADYdOMFK','Unix & Linux',39
'oJfZxlVsoH','HTML & PHP',725
'DhjxlURdBG','Unix & Linux',944
'DzznpcFmvm','HTML & PHP',964
'bBLRRYijNa','Python',707
'kXFupGbpbq','Javascript1',334
'laxvGhvadw','HTML & PHP',106
'qcRLKPetwo','Unix & Linux',366
'LOvhjiSRbP','Javascript1',822
'DmuoPMFbfu','Unix & Linux',730
'HzKphpqryF','SQL',329
'AbERBWbPtJ','Python',13
'LlDlZqUsRx','Javascript1',587
'FQgodRUzbC','Javascript1',523
'SqWzcmlCDg','Javascript1',873
'ETbJOSaxST','SQL',832
'vEcOuzNfpS','Unix & Linux',113
'XoJYJwvZfY','HTML & PHP',312
'qnqFACqTmf','SQL',975
'JLAeHDwEhX','Python',986
'WlXRrDWAfI','Javascript1',221
'CZwdZFJFoV','Javascript1',107
'juWsBbhKWF','Unix & Linux',160
'cYwPNxiNpu','SQL',241
'emzVWnhPXh','Javascript1',591
'NgFCgBJygv','Unix & Linux',579
'lzpmvSsqIS','HTML & PHP',96
'coKvKTJONP','Python',823
'qvZwxJXTrS','Javascript1',510
'CTRVYhULRs','SQL',559
'AdzmrlPKUh','HTML & PHP',20
'kUTlRrZTlF','Javascript1',324
'YLkKhdOoWu','Unix & Linux',702
'HSOEGjualv','HTML & PHP',728
'sTZIAATrPe','Unix & Linux',519
'VpVHwFbLDH','Python',784
'IVNhHaFsHI','Unix & Linux',929
'cQxgGcSrtz','Javascript1',274
'XhYDaaApQr','HTML & PHP',551
'OOivgmziiH','Javascript1',379
'jcRSYDLvMX','Python',185
'CFsgmRNbSI','SQL',349
'uQFpRdzGlY','SQL',324
'KvfHtSzXlh','Javascript1',554
'HBnBzHWBAY','Javascript1',685
'EraEPxvteQ','HTML & PHP',914
'aklVMZkktc','Javascript1',603
'ewrAdDfFSH','Unix & Linux',997
'fHWxuWIbPL','Unix & Linux',267
'SEmKNhAtjW','Python',975
'PDkcmvHwSf','Unix & Linux',50
'KOILkUTInZ','Python',414
'kDRxEEzIsV','Javascript1',959
'FyjiUVNncr','Javascript1',683
'hFRSkDAwzf','HTML & PHP',698
'pNHlFlGegl','SQL',527
'zSDMGBWItb','SQL',101
'WveoREhfPB','Javascript1',159
'LgBVsxEOJd','Python',310
'QduYaNVcQG','SQL',337
'bgujKmPHCU','SQL',917
'sgPFMLKPpv','SQL',510
'SFEFvVWzak','Python',996
'DvYLqCxINt','Python',952
'gDKLgulXuO','Unix & Linux',102
'OPodGBlBQI','Unix & Linux',722
'ECEYmJnDEe','Unix & Linux',472
'MPNEzrEQTn','Unix & Linux',747
'PqXyXXmWuz','Python',730
'QInjVEkuSk','SQL',959
'YPWVZfRjCu','Javascript1',907
'WNLdgkleqv','Unix & Linux',706
'lrHWHQwhkI','Javascript1',910
'kPHoEdRsof','HTML & PHP',24
'pVSwZaLowy','SQL',203
'eRUzDULAJs','Javascript1',730
'dfLoiPvhQS','Unix & Linux',561
'TOtEluGgHm','Python',921
'SUpFqomaBh','Unix & Linux',373
'sqwPomMRBc','HTML & PHP',813
'UDzQLZUsRQ','HTML & PHP',171
'naQQroibeJ','HTML & PHP',956
'VRIvSRkzKF','HTML & PHP',922
'KiUJnvThjy','Unix & Linux',892
'rKlIxiujrM','Python',89
'KhmzCyqblA','Python',917
'CozZevTvoR','SQL',907
'IoPYaivzhd','HTML & PHP',392
'zdoNrbClcG','Python',362
'oIntepterh','HTML & PHP',36
'mQNWUnvEZO','SQL',212
'IcIuVJUXOA','HTML & PHP',369
'ASxTDTHGoo','Unix & Linux',414
'uXvjsdRtnD','Python',202
'ZjIOPgehXC','HTML & PHP',354
'fklRQmoiBd','HTML & PHP',871
'rkKEGcNcng','SQL',684
'GJmpheeRwr','Python',268
'rwjMmZPTuN','HTML & PHP',1
'ACSolbolYW','Python',885
'sUkIkTIzel','Unix & Linux',260
'rjUIsxppOr','SQL',32
'QqxIdDlPXS','Unix & Linux',71
'zQXVMHbwwu','SQL',173
'UdwDanCjlv','Python',773
'DLmzoEBMkn','HTML & PHP',578
'pKUigtBVSS','SQL',181
'UyuBNkagNe','Python',167
'SkZVUinibS','SQL',461
'nnpFUJGSCN','HTML & PHP',434
'TDnXhRwbZO','SQL',706
'GRkjFmpGlG','Python',581
'YDzuGOhdYp','SQL',829
'xeTXcdjQKU','HTML & PHP',231
'ItZBwiBkiO','Python',774
'uuGABoRVUg','Python',800
'frRvXAJXKC','HTML & PHP',864
'TNHtzgJdfT','HTML & PHP',677
'ySjOopZyvd','Unix & Linux',527
'BoEOuyyeVg','Javascript1',82
'IANYBbuqES','SQL',494
'oMZtLZOyQz','Unix & Linux',917
'DktzPihEFj','Javascript1',573
'HwAkkCgUpV','Unix & Linux',105
'JyuuAnIRjA','Javascript1',280
'wnHHxeVyXQ','SQL',64
'wPmAVBnbZv','Python',264
'GiOLvSzuAj','Python',98
'LXwxEzkcAP','Python',653
'jAhjkIlbbA','Unix & Linux',510
'IIvaTafYzS','Unix & Linux',376
'ZrZTwYQpiT','Javascript1',894
'RnZEjPwUIV','HTML & PHP',959
'iXjQgILQjq','HTML & PHP',639
'cCMBGDDAvg','Unix & Linux',657
'NXvIjDnngC','SQL',455
'CDJdzsZMNJ','Python',974
'APkgcAXDkK','Python',968
'phirhTWrqy','Python',235
'BsAvKpLKvF','SQL',71
'KurkigYmMh','SQL',677
'UuOKZXsngf','Unix & Linux',689
'cePzHrQqxQ','HTML & PHP',879
'QupjKkAEhE','Javascript1',7
'gHIldetNTG','Python',250
'gPbsZDeQFV','HTML & PHP',300
'nLyfQBIPUD','Unix & Linux',160
'xoqZKyKMqA','Unix & Linux',186
'MuavsIIgVx','HTML & PHP',974
'coxhjqpLtH','SQL',491
'WThNiWViiN','HTML & PHP',538
'iFAqaLIiTx','Unix & Linux',591
'IOCHkSqBiz','Javascript1',438
'klBIybTiJv','SQL',538
'GywbfCpNSK','Unix & Linux',313
'JfIPVsIdUz','HTML & PHP',733
'tzZkwfHZBL','SQL',363
'CeUBsGUYTG','Unix & Linux',356
'AdZspXrVML','HTML & PHP',967
'jZcYIYxgEa','HTML & PHP',314
'VLZacCvdcO','HTML & PHP',130
'GjHgcUWLcS','Python',831
'TNivKbCkLB','Python',916
'kbVzSSdijq','Python',212
'TDIwsJzrKr','HTML & PHP',52
'pDpBnLNFjk','Javascript1',220
'sWytmGcCPR','HTML & PHP',569
'FaZhKkcPvl','SQL',515
'szSfpcmdtL','Unix & Linux',531
'eaFXSQjqSF','Javascript1',591
'CJnkvPZjFM','SQL',349
'dljYRJMYJf','Python',290
'RXgNxXfGeJ','Python',581
'PSwIOnqiRg','HTML & PHP',560
'TvjyIVrYUp','Javascript1',279
'yWuKcaACip','Unix & Linux',213
'hJhHbjKSlq','SQL',214
'FWZzSYGqQi','Python',122
'iZBtxDcNTh','SQL',940
'sICzegmgLf','SQL',171
'TKjTcfnqUK','Unix & Linux',473
'SQVLAzldbZ','Javascript1',922
'aDKUEwlNfz','Javascript1',971
'ReVNCLsvPv','HTML & PHP',947
'NaodLWCjBZ','SQL',422
'ASjRVouUSP','HTML & PHP',127
'EzrAWKyjtN','HTML & PHP',781
'LURqXVFqbe','HTML & PHP',908
'IgttmPXhrb','SQL',958
'YcnuPpZxDE','Javascript1',601
'pdOkJUQTkf','Unix & Linux',125
'jDpLUODQod','SQL',178
'qTOLUlRAYz','Javascript1',910
'nDlgaCGRkX','Unix & Linux',50
'UNXRGAFAiW','Javascript1',858
'BZlyKXeBOF','HTML & PHP',591
'HLyoaYxvlh','Javascript1',657
'MYBWNRKyyE','Python',213
'wQYDTmStuN','SQL',772
'hmFzcsgPeg','Javascript1',836
'tlJhTzfLHh','Unix & Linux',642
'lEczBKlBPW','HTML & PHP',947
'IncetGkgmJ','Python',704
'SzzQxdFwPF','Unix & Linux',214
'XpFMsfqkKc','HTML & PHP',159
'bOrkpIuhrf','SQL',865
'pFQlqKuPSZ','Python',940
'iMeYuWuhjo','SQL',335
'OnMGyFDnMN','Javascript1',226
'MeaPsfdkgx','Javascript1',793
'brxtHwQtMx','HTML & PHP',924
'IftwYMiQYX','Javascript1',335
'KQMtYiFiNj','Unix & Linux',761
'jxoroFmkgM','Javascript1',271
'kWqfrMYqKn','Python',95
'xZAaECGtmb','HTML & PHP',111
'VIKMpVwejA','HTML & PHP',965
'iMkEUOQCqu','SQL',125
'bXadumBvhR','Javascript1',772
'acCMwHOeDK','Unix & Linux',910
'SxmLtUvuqg','SQL',565
'VCDoLKeAkh','Python',924
'dmYPgGNDvI','Javascript1',909
'leMfHOkgZx','Unix & Linux',150
'qKyDVPROHZ','Javascript1',370
'MKrVEbPtzQ','Python',154
'MVVpDanpVM','Python',144
'lKfEyoZEGr','SQL',184
'MEWYpBVDlh','Python',737
'BbYFmQeeyd','Unix & Linux',909
'AmIggzsEpd','Unix & Linux',295
'bvdqZUcvuk','Unix & Linux',73
'figuRBNKDc','Javascript1',873
'mbiEzHCWOV','Javascript1',416
'NubinpJlbJ','HTML & PHP',493
'hDJXJhNtXC','HTML & PHP',773
'gnJAxbjBmS','Unix & Linux',167
'IIQFofhbPM','HTML & PHP',687
'EKHTwNErKW','HTML & PHP',361
'XjLemRiiBg','Unix & Linux',754
'uJdNEBQhvp','Javascript1',400
'fgUCTANuKj','Javascript1',338
'oqEjxWtQHy','SQL',130
'TrgLZlkhAP','Unix & Linux',727
'KcPcttvtXN','Javascript1',205
'HFTWkNNmuO','Unix & Linux',492
'EjMDPVWzRE','HTML & PHP',292
'eJtwqzjKgT','SQL',41
'EYIQARjwDf','HTML & PHP',271
'mYILdWHeDb','Python',32
'FlJjrFBGuY','Javascript1',335
'VlVwOZLHbw','Python',224
'DEdHiEOHLk','Javascript1',647
'StExhuRpwA','Python',857
'rPeWepqaPK','HTML & PHP',598
'usyrcnwIGW','Unix & Linux',164
'ZZPwKTrUKq','Javascript1',954
'fKRbqDvAfq','Unix & Linux',773
'QHFhaqQseZ','Python',813
'gWFqeMgoHu','HTML & PHP',237
'ZeYwIShjCc','Python',633
'JqmhfXRGUT','HTML & PHP',170
'DCJfuSZeFi','HTML & PHP',612
'OWwOgjORut','Unix & Linux',573
'IOIcqbTPRI','Unix & Linux',284
'VwYbwXyONE','Unix & Linux',772
'nzCgdMbIjn','Python',34
'aFpJQZRybr','SQL',754
'qVmcaxHBkh','Javascript1',55
'oDEbKiKXpJ','SQL',413
'ttYwaoiqnx','Python',362
'zujvUxPcZk','HTML & PHP',28
'FFHFFbKxZu','Unix & Linux',139
'kSZQFrNXhx','Python',102
'FZSMcseAaB','HTML & PHP',341
'fBolcEtxQQ','SQL',871
'jNikNrqSWy','Python',513
'WqkDXklHdE','Javascript1',148
'OmaihzfTku','HTML & PHP',822
'FlkXoovLip','HTML & PHP',219
'LfdGMPetAM','HTML & PHP',154
'YaluBLbvlU','Javascript1',653
'gOlqoQunha','Python',703
'MEYySNAXty','HTML & PHP',134
'AZvKiBDGUV','Unix & Linux',634
'rdWTUYZort','Unix & Linux',439
'ZoSVVsutig','Javascript1',2
'NFuBGXsTOh','HTML & PHP',498
'uCJgvktVTX','SQL',498
'gbVNJfByBe','SQL',685
'CHugckFeXk','SQL',108
'kTiORqHkoF','HTML & PHP',373
'tckxmYEGAf','SQL',742
'wfyPesqhGW','Javascript1',144
'TbhwLOIRbp','HTML & PHP',915
'hRKcUCTCCP','HTML & PHP',920
'yzmpdyEJGq','HTML & PHP',893
'wOSXXRkYCx','Unix & Linux',605
'xMYURvHBWD','Javascript1',360
'eEqDVEJWot','HTML & PHP',867
'mteelNqtxq','HTML & PHP',194
'AEFmqTonhP','Javascript1',245
'jrUoWoQUVM','HTML & PHP',413
'oWuxhcONDC','SQL',924
'NftztzkEMh','Unix & Linux',591
'sKCijLQWAd','Javascript1',772
'CoSNRXWcrN','Python',35
'XoYPrJhjpZ','Unix & Linux',213
'EFFopBAXEU','Javascript1',886
'PqrCdkmYmi','SQL',336
'rJqrQDFtZb','Python',52
'OVKmQHQjon','SQL',599
'tiiJnbwAVY','Javascript1',284
'rBjaoxrzKs','HTML & PHP',636
'SEUjVbSnQJ','Python',319
'pvCEfuMRKQ','HTML & PHP',41
'jdlivDYBpW','Unix & Linux',573
'nTiEmvUNUc','HTML & PHP',18
'GLJtKBWEXa','Python',436
'qJtHTJiyFn','HTML & PHP',410
'rTqECinLiu','Python',173
'PXKmziokjn','HTML & PHP',657
'NgWbokjRNz','Javascript1',339
'fzzCAGfDIR','HTML & PHP',416
'ZVFLJmByHJ','SQL',300
'HHEpDpDBml','Unix & Linux',332
'LREZbvuUCB','SQL',947
'xnVQqLdSAv','Javascript1',392
'FyinQfkbcu','Javascript1',72
'NrAjomFcHR','Python',494
'OtNyrKLhfP','SQL',241
'ArliJNkGQu','Python',539
'aBhNudCJWt','Python',470
'VjCOSVPgDF','HTML & PHP',13
'HRKfjagicn','Javascript1',944
'AbfBovVYBK','HTML & PHP',471
'mzjWYMlHTI','SQL',349
'ZrEQEQsGmy','Unix & Linux',568
'njOFhOPiQD','SQL',886
'sznNUHYFVM','SQL',947
'WZAYCFwpbF','SQL',272
'BoUFqMnWln','SQL',409
'sjMrBzshMm','SQL',603
'NVBjDzWRIu','SQL',55
'ZQTLmQqyiI','Javascript1',143
'vIdzSyEWxw','HTML & PHP',50
'ocEfqLSDId','Javascript1',221
'xdosVmFvNP','SQL',756
'yCPWcBwCoV','Python',391
'qjDFeeaGAZ','Unix & Linux',324
'RRtGeCnTJn','Unix & Linux',111
'ZUkjePTtVk','SQL',767
'vNLcpAHEew','SQL',218
'boIFMnnCBb','Javascript1',377
'HsJEfLEEsy','Javascript1',503
'IuUiBJIeiA','HTML & PHP',327
'ofzfFRaAwR','Javascript1',789
'ZFgALaUZiL','Javascript1',768
'LkPJLrhRcv','HTML & PHP',494
'DTuMhoNpIQ','Unix & Linux',907
'fVrhaQihJU','Unix & Linux',439
'rKLQofKtkk','SQL',62
'DwcrdIsAkB','Javascript1',639
'AOMPWDGrkE','HTML & PHP',152
'czJnoejulv','Python',226
'LzvqQXkSMH','HTML & PHP',918
'BQpFXwKVjY','Unix & Linux',948
'qFEtaUhfZw','Javascript1',403
'QZlNqlJXXy','Javascript1',342
'ztfPncdGvj','HTML & PHP',636
'uCQtBwDiVd','Unix & Linux',354
'zhbnoIKfcZ','SQL',409
'CBpCTPTlVb','Javascript1',422
'SnPYmJDjuA','SQL',365
'GBxUpFOWDE','HTML & PHP',166
'BstHWcFeFC','SQL',867
'tBbcXWzGpr','Python',419
'BxCZgldSKf','Unix & Linux',361
'BjXbXwNKqU','Unix & Linux',588
'UIAWrLBgFJ','SQL',513
'tthNAEDzbc','Python',235
'oARTwwAOoA','HTML & PHP',842
'YctmnJrvjN','SQL',706
'xBlPPyujzW','HTML & PHP',535
'RopXXEEcnW','Unix & Linux',439
'XRnpRPSjnw','Unix & Linux',224
'jlvhdDPAAw','Unix & Linux',986
'duNHUesOgv','SQL',647
'KoWpLyWefA','HTML & PHP',124
'XuZUJDlOSP','Unix & Linux',472
'MLZRQSaIpt','SQL',763
'fZsvPcmoKM','Javascript1',504
'lkomjxZyIF','SQL',899
'puXFiLUDDh','Python',870
'OEIiYktPrc','Unix & Linux',612
'xneDZtwrgZ','Python',997
'ypVEujPUZt','Unix & Linux',804
'VoXozIGClI','HTML & PHP',754
'FmKwkWepvf','HTML & PHP',516
'Rfjkqhcmtk','SQL',260
'ZbqZQNjYGq','HTML & PHP',408
'PIMYjncgEN','Unix & Linux',40
'AoRPqkPkVe','Unix & Linux',20
'jZyHGENkba','Python',194
'XaSTgLzxmh','Unix & Linux',677
'JDyUuUdyxB','Python',793
'UYZGqGgESR','Javascript1',703
'OYDkTumrrY','HTML & PHP',922
'rcSkgMKzfm','SQL',198
'sCGhDVLYhp','Unix & Linux',105
'DUMBcfUBgi','Python',920
'XFyjuNilAL','Unix & Linux',31
'wtAlcstWDI','Python',191
'PBKDUzlUhX','Javascript1',300
'bPNQtxakCn','Unix & Linux',908
'qwzFgWjgNm','HTML & PHP',733
'twDHGbsfhJ','Python',34
'PnWjuDhssF','Unix & Linux',364
'xSCRtIXRbh','Javascript1',245
'tMxpKHhLuA','Unix & Linux',518
'jkcngJHJwq','SQL',133
'REJhIfXEjV','SQL',58
'wQqQPtYaUo','Python',882
'cdIgbciRPO','SQL',160
'PiiZFGsHEl','SQL',985
'DCAIYIKZJM','Unix & Linux',130
'iYRlOlkrGW','HTML & PHP',229
'ACXxoDJnyA','Python',958
'cUquqtWCzO','Unix & Linux',337
'KWjcUCVseZ','HTML & PHP',34
'eXviCupHzR','HTML & PHP',219
'HuWoyfwypx','Python',133
'cIoLSQgrnP','HTML & PHP',180
'kqxxcvsiCT','Javascript1',7
'GeRMBZAUHi','Javascript1',385
'xEitAoTOVn','Javascript1',103
'PxOJxQhaOt','Javascript1',397
'yQMezVcRTD','HTML & PHP',653
'fnDTPXpLof','SQL',707
'uYOAGKYWso','Python',703
'vGtgwwuyou','HTML & PHP',538
'JucqnRtVqs','SQL',950
'nYxqHKDJqm','Unix & Linux',968
'tWhGpIsDTw','Javascript1',414
'LSGwZprxja','Javascript1',777
'kkDPAxhsVM','SQL',378
'pUNqJWMWGj','SQL',641
'hZmLCZVIEw','Javascript1',219
'IofaCYsEgs','Unix & Linux',461
'uyEcGFfedH','Unix & Linux',979
'eLvAngztoI','Javascript1',226
'PlWWNLdvXo','Python',896
'bWrAWpqqZh','Javascript1',753
'crLdWJmxuV','Python',672
'QgvjgnHRrV','HTML & PHP',591
'rEOPNVVaew','Python',871
'JgYWQAKiOr','Python',82
'snhNayliyK','Unix & Linux',524
'eyjbcJrzIn','Unix & Linux',291
'KhwkuSqxhX','SQL',676
'JFcVOPNVuI','Unix & Linux',105
'eDtTwfEDlG','HTML & PHP',772
'FIpoAsmzIo','Unix & Linux',111
'VNjrykggvo','Javascript1',360
'zAOhneslbk','Python',11
'KsNrKeNRHX','Unix & Linux',252
'rQuehHKcEg','Javascript1',918
'kPwPcSYVVV','SQL',139
'YWFLRkBSzN','HTML & PHP',952
'nCgEIbexOR','Javascript1',657
'GYMaqQHsJs','Python',319
'hbYeahGSPF','Javascript1',826
'IpfdFdhqEV','HTML & PHP',470
'LmRbtnksGP','Unix & Linux',915
'ZQKetiuxkb','HTML & PHP',519
'HDQevupayD','Javascript1',698
'qUomsWfqfM','HTML & PHP',185
'wYSVycnFCy','Javascript1',536
'VSGFqWirkW','SQL',161
