name,email,password,signature
'Marcel Osborn','Marcel@Osborn.com','oxjmweofqw','(>* o*)>| Ma Os <(*o *<)'
'Joseph Dunn','Joseph@Dunn.com','lncpngojnv','(>* o*)>| Jo Du <(*o *<)'
'Jennifer Ramirez','Jennifer@Ramirez.com','foldypovfr','(>* o*)>| Je Ra <(*o *<)'
'Alexander Leth','Alexander@Leth.com','pkcwrqjnhq','(>* o*)>| Al Le <(*o *<)'
'Stephen Mack','Stephen@Mack.com','nfendctgwg','(>* o*)>| St Ma <(*o *<)'
'Lucille Delatorre','Lucille@Delatorre.com','vzxekruzvw','(>* o*)>| Lu De <(*o *<)'
'Lidia Jeffers','Lidia@Jeffers.com','obxuiuebgz','(>* o*)>| Li Je <(*o *<)'
'Maudie Hazel','Maudie@Hazel.com','yhepkjlbgq','(>* o*)>| Ma Ha <(*o *<)'
'John Mcgrath','John@Mcgrath.com','sbaccyihsi','(>* o*)>| Jo Mc <(*o *<)'
'Martha Gorman','Martha@Gorman.com','ntiaapqdbu','(>* o*)>| Ma Go <(*o *<)'
'Roger Gordin','Roger@Gordin.com','wckjbeoozm','(>* o*)>| Ro Go <(*o *<)'
'William Allery','William@Allery.com','gjhtlwgubu','(>* o*)>| Wi Al <(*o *<)'
'Richard Fender','Richard@Fender.com','wbnfxsvojo','(>* o*)>| Ri Fe <(*o *<)'
'Brittany Palmour','Brittany@Palmour.com','lfgohmemnb','(>* o*)>| Br Pa <(*o *<)'
'Terry Fletcher','Terry@Fletcher.com','fmaodzeagr','(>* o*)>| Te Fl <(*o *<)'
'Betty Hendrix','Betty@Hendrix.com','znlrstxkwj','(>* o*)>| Be He <(*o *<)'
'Rachel Hamby','Rachel@Hamby.com','gbdrtmgyto','(>* o*)>| Ra Ha <(*o *<)'
'Christopher Chung','Christopher@Chung.com','abhjjupmhw','(>* o*)>| Ch Ch <(*o *<)'
'Johanna Richardson','Johanna@Richardson.com','olyziygrui','(>* o*)>| Jo Ri <(*o *<)'
'Chad Perez','Chad@Perez.com','torqxtcwov','(>* o*)>| Ch Pe <(*o *<)'
'Robert Lovelace','Robert@Lovelace.com','nsfihxnges','(>* o*)>| Ro Lo <(*o *<)'
'Rolando Crutcher','Rolando@Crutcher.com','hgvcejclty','(>* o*)>| Ro Cr <(*o *<)'
'Mary Ellis','Mary@Ellis.com','orvxzaonlr','(>* o*)>| Ma El <(*o *<)'
'Thomas Sprenger','Thomas@Sprenger.com','npofxswjqw','(>* o*)>| Th Sp <(*o *<)'
'James Armstrong','James@Armstrong.com','zecdzqcsew','(>* o*)>| Ja Ar <(*o *<)'
'Alex Shumaker','Alex@Shumaker.com','yyloirjmmg','(>* o*)>| Al Sh <(*o *<)'
'Alyce Case','Alyce@Case.com','xncuyiddeo','(>* o*)>| Al Ca <(*o *<)'
'Maggie Vance','Maggie@Vance.com','ropltaccvp','(>* o*)>| Ma Va <(*o *<)'
'Charles Carlock','Charles@Carlock.com','fsxbjtdoks','(>* o*)>| Ch Ca <(*o *<)'
'Constance Taylor','Constance@Taylor.com','swvndbczfv','(>* o*)>| Co Ta <(*o *<)'
'Helen Caswell','Helen@Caswell.com','pyrvdqxgun','(>* o*)>| He Ca <(*o *<)'
'Kathy Albright','Kathy@Albright.com','yrmjrxmehp','(>* o*)>| Ka Al <(*o *<)'
'Charles Pearson','Charles@Pearson.com','llsjcaitmx','(>* o*)>| Ch Pe <(*o *<)'
'Dixie Hoover','Dixie@Hoover.com','eddvwqgvli','(>* o*)>| Di Ho <(*o *<)'
'Kimberly Swendsen','Kimberly@Swendsen.com','dzvuyvujcx','(>* o*)>| Ki Sw <(*o *<)'
'Ruben Rubin','Ruben@Rubin.com','bvnolzcqlk','(>* o*)>| Ru Ru <(*o *<)'
'Devon Patton','Devon@Patton.com','ymlgnfdsas','(>* o*)>| De Pa <(*o *<)'
'Shane Weddington','Shane@Weddington.com','jfhwotquvr','(>* o*)>| Sh We <(*o *<)'
'Lena Thompson','Lena@Thompson.com','pxzizoyrrp','(>* o*)>| Le Th <(*o *<)'
'Theodora Farrow','Theodora@Farrow.com','mpzxueimae','(>* o*)>| Th Fa <(*o *<)'
'Scott Shaw','Scott@Shaw.com','kaijqlkxax','(>* o*)>| Sc Sh <(*o *<)'
'Chris Kertzman','Chris@Kertzman.com','ppfarihzsk','(>* o*)>| Ch Ke <(*o *<)'
'Mary Santiago','Mary@Santiago.com','htzriwtvlz','(>* o*)>| Ma Sa <(*o *<)'
'Michelle Smith','Michelle@Smith.com','yhbtwuzkxi','(>* o*)>| Mi Sm <(*o *<)'
'Theresa Jones','Theresa@Jones.com','qqvognwruu','(>* o*)>| Th Jo <(*o *<)'
'Nathanial Conaway','Nathanial@Conaway.com','pklqefryby','(>* o*)>| Na Co <(*o *<)'
'Bonnie Bennett','Bonnie@Bennett.com','nclutdyjkh','(>* o*)>| Bo Be <(*o *<)'
'Deborah Salazar','Deborah@Salazar.com','aixynyzook','(>* o*)>| De Sa <(*o *<)'
'Theresa Hage','Theresa@Hage.com','cefzwstnji','(>* o*)>| Th Ha <(*o *<)'
'Chandra Burch','Chandra@Burch.com','rlcksolqhg','(>* o*)>| Ch Bu <(*o *<)'
'Gloria Merriweather','Gloria@Merriweather.com','ehianuiant','(>* o*)>| Gl Me <(*o *<)'
'Betty Maynard','Betty@Maynard.com','fnfalolkxj','(>* o*)>| Be Ma <(*o *<)'
'Wanda Schroyer','Wanda@Schroyer.com','wgyebauner','(>* o*)>| Wa Sc <(*o *<)'
'Kathy Johnson','Kathy@Johnson.com','lvlumvxgbz','(>* o*)>| Ka Jo <(*o *<)'
'Alice Guarnieri','Alice@Guarnieri.com','ecgfcmrxfw','(>* o*)>| Al Gu <(*o *<)'
'Pamela Parker','Pamela@Parker.com','nedgtxnaqu','(>* o*)>| Pa Pa <(*o *<)'
'Marvin Gutierrez','Marvin@Gutierrez.com','jwxrlwurjz','(>* o*)>| Ma Gu <(*o *<)'
'Joy Reasner','Joy@Reasner.com','fouglquxlv','(>* o*)>| Jo Re <(*o *<)'
'Bridget Carr','Bridget@Carr.com','tslsnpfeyr','(>* o*)>| Br Ca <(*o *<)'
'Warner Sturgill','Warner@Sturgill.com','vxvkxkubum','(>* o*)>| Wa St <(*o *<)'
'Thelma Rameriz','Thelma@Rameriz.com','ixbjxfbfuu','(>* o*)>| Th Ra <(*o *<)'
'Jennifer Gaines','Jennifer@Gaines.com','dmgmkmryol','(>* o*)>| Je Ga <(*o *<)'
'Keith Bartell','Keith@Bartell.com','uffvhdmhao','(>* o*)>| Ke Ba <(*o *<)'
'Robert Buettner','Robert@Buettner.com','sqmwvymbkl','(>* o*)>| Ro Bu <(*o *<)'
'Ben Dearcos','Ben@Dearcos.com','cbixfysucd','(>* o*)>| Be De <(*o *<)'
'Mary Mitchell','Mary@Mitchell.com','clxbmitqwb','(>* o*)>| Ma Mi <(*o *<)'
'Marvin Shank','Marvin@Shank.com','brplsjikxo','(>* o*)>| Ma Sh <(*o *<)'
'Donna Brown','Donna@Brown.com','qyjscwudau','(>* o*)>| Do Br <(*o *<)'
'James Kerr','James@Kerr.com','oppnnfpttz','(>* o*)>| Ja Ke <(*o *<)'
'Joseph Govea','Joseph@Govea.com','lnpciwcnwp','(>* o*)>| Jo Go <(*o *<)'
'Chantel Coles','Chantel@Coles.com','cjygujhlzz','(>* o*)>| Ch Co <(*o *<)'
'Thomas Alston','Thomas@Alston.com','dfsbqavuic','(>* o*)>| Th Al <(*o *<)'
'Mae Mercer','Mae@Mercer.com','smyetmafig','(>* o*)>| Ma Me <(*o *<)'
'Virginia Wiggins','Virginia@Wiggins.com','votukghtvi','(>* o*)>| Vi Wi <(*o *<)'
'Vivian Sharp','Vivian@Sharp.com','ypfqhzklhe','(>* o*)>| Vi Sh <(*o *<)'
'Jack Green','Jack@Green.com','yywdthbjlu','(>* o*)>| Ja Gr <(*o *<)'
'John Clark','John@Clark.com','xphmybktuu','(>* o*)>| Jo Cl <(*o *<)'
'Waldo Bourget','Waldo@Bourget.com','ezamcimntn','(>* o*)>| Wa Bo <(*o *<)'
'Lawrence Opland','Lawrence@Opland.com','apmgeehtnb','(>* o*)>| La Op <(*o *<)'
'Richard Fernandez','Richard@Fernandez.com','swnfoggkmp','(>* o*)>| Ri Fe <(*o *<)'
'Lura Oliver','Lura@Oliver.com','wqmahbmeab','(>* o*)>| Lu Ol <(*o *<)'
'Cheryl Bartkowski','Cheryl@Bartkowski.com','cmdlvxqnkm','(>* o*)>| Ch Ba <(*o *<)'
'Diane Parks','Diane@Parks.com','bteaqpadyc','(>* o*)>| Di Pa <(*o *<)'
'Suzanne Bailey','Suzanne@Bailey.com','tisiukpfap','(>* o*)>| Su Ba <(*o *<)'
'Heather Kremer','Heather@Kremer.com','aiozyqonvm','(>* o*)>| He Kr <(*o *<)'
'Cesar Torros','Cesar@Torros.com','pojzwdkwsz','(>* o*)>| Ce To <(*o *<)'
'Joseph Wilbur','Joseph@Wilbur.com','iwqsornwqp','(>* o*)>| Jo Wi <(*o *<)'
'Linda Bowen','Linda@Bowen.com','prblnkdfic','(>* o*)>| Li Bo <(*o *<)'
'Mary Ransdell','Mary@Ransdell.com','feezdsztss','(>* o*)>| Ma Ra <(*o *<)'
'Donna Niles','Donna@Niles.com','ujilxkkkos','(>* o*)>| Do Ni <(*o *<)'
'Francis Bass','Francis@Bass.com','tvekyucykn','(>* o*)>| Fr Ba <(*o *<)'
'Alfredo Anderson','Alfredo@Anderson.com','toypzugopi','(>* o*)>| Al An <(*o *<)'
'Julie Mcpeak','Julie@Mcpeak.com','vztubbflgk','(>* o*)>| Ju Mc <(*o *<)'
'Daniel Cape','Daniel@Cape.com','pfyqrryiyy','(>* o*)>| Da Ca <(*o *<)'
'Benjamin Goins','Benjamin@Goins.com','ykabzkxivm','(>* o*)>| Be Go <(*o *<)'
'Samuel Burger','Samuel@Burger.com','doopvrdfle','(>* o*)>| Sa Bu <(*o *<)'
'Dwayne Mossman','Dwayne@Mossman.com','hyncszflkx','(>* o*)>| Dw Mo <(*o *<)'
'Elizabeth Hawkins','Elizabeth@Hawkins.com','wtxsetwjea','(>* o*)>| El Ha <(*o *<)'
'Vina Tiffany','Vina@Tiffany.com','npjwiaoxsb','(>* o*)>| Vi Ti <(*o *<)'
'Leslie Aleman','Leslie@Aleman.com','rfrrhiqpjh','(>* o*)>| Le Al <(*o *<)'
'Lois Johnson','Lois@Johnson.com','qjxdlwjuuk','(>* o*)>| Lo Jo <(*o *<)'
'Ramona Lovejoy','Ramona@Lovejoy.com','nhilkijldl','(>* o*)>| Ra Lo <(*o *<)'
'Tiffany Womack','Tiffany@Womack.com','jyjvcsoeyw','(>* o*)>| Ti Wo <(*o *<)'
'Christopher Satterfield','Christopher@Satterfield.com','whlwvkfade','(>* o*)>| Ch Sa <(*o *<)'
'Ethel Walther','Ethel@Walther.com','zfisfggvmp','(>* o*)>| Et Wa <(*o *<)'
'Darnell Pinkston','Darnell@Pinkston.com','pulgvaicyi','(>* o*)>| Da Pi <(*o *<)'
'Debra Parks','Debra@Parks.com','sdhbcliwpi','(>* o*)>| De Pa <(*o *<)'
'Diana Anderson','Diana@Anderson.com','lfsjvypqyh','(>* o*)>| Di An <(*o *<)'
'Jason Briggs','Jason@Briggs.com','folpjbrmmm','(>* o*)>| Ja Br <(*o *<)'
'Brandy Medina','Brandy@Medina.com','vhoxcyjewm','(>* o*)>| Br Me <(*o *<)'
'Vivian Farris','Vivian@Farris.com','rvongusxjw','(>* o*)>| Vi Fa <(*o *<)'
'Richard Dailey','Richard@Dailey.com','urjwrwvsln','(>* o*)>| Ri Da <(*o *<)'
'Bradley Gonzalez','Bradley@Gonzalez.com','nxkguyrqnm','(>* o*)>| Br Go <(*o *<)'
'Tony Lambino','Tony@Lambino.com','gpgfsszvsf','(>* o*)>| To La <(*o *<)'
'Ramona Rhodus','Ramona@Rhodus.com','rpeyuvosqv','(>* o*)>| Ra Rh <(*o *<)'
'Jean Voorhees','Jean@Voorhees.com','ophcnyykpl','(>* o*)>| Je Vo <(*o *<)'
'Samantha Demonbreun','Samantha@Demonbreun.com','xhpmctrcam','(>* o*)>| Sa De <(*o *<)'
'Luella Ortiz','Luella@Ortiz.com','ohopdrrzpl','(>* o*)>| Lu Or <(*o *<)'
'Michelle Mahaney','Michelle@Mahaney.com','rtwknbawvm','(>* o*)>| Mi Ma <(*o *<)'
'Cynthia Briseno','Cynthia@Briseno.com','pfvsryicjg','(>* o*)>| Cy Br <(*o *<)'
'Alex Neal','Alex@Neal.com','svfpajmgiu','(>* o*)>| Al Ne <(*o *<)'
'Gloria Adelson','Gloria@Adelson.com','syybdsprfx','(>* o*)>| Gl Ad <(*o *<)'
'Laura Ramirez','Laura@Ramirez.com','vrrtzrofdz','(>* o*)>| La Ra <(*o *<)'
'Carey Denson','Carey@Denson.com','vnhgjrmjni','(>* o*)>| Ca De <(*o *<)'
'Lindsey Walker','Lindsey@Walker.com','rlplmmidiw','(>* o*)>| Li Wa <(*o *<)'
'Mark Welch','Mark@Welch.com','hvypbroahr','(>* o*)>| Ma We <(*o *<)'
'Gerald Sheridan','Gerald@Sheridan.com','oqdmojeozn','(>* o*)>| Ge Sh <(*o *<)'
'James Zepeda','James@Zepeda.com','szrxqklwpt','(>* o*)>| Ja Ze <(*o *<)'
'Joshua Maxwell','Joshua@Maxwell.com','xwpwcdwopa','(>* o*)>| Jo Ma <(*o *<)'
'Donald Thrower','Donald@Thrower.com','htmcbsqnzh','(>* o*)>| Do Th <(*o *<)'
'Jacob Davis','Jacob@Davis.com','gsoarbctuq','(>* o*)>| Ja Da <(*o *<)'
'Mable Dudley','Mable@Dudley.com','ekjkicumry','(>* o*)>| Ma Du <(*o *<)'
'Blake Richmond','Blake@Richmond.com','eipoykmmhb','(>* o*)>| Bl Ri <(*o *<)'
'Kimberly Grimm','Kimberly@Grimm.com','turekerdfs','(>* o*)>| Ki Gr <(*o *<)'
'Alison Alford','Alison@Alford.com','twejihycvv','(>* o*)>| Al Al <(*o *<)'
'Rita Clegg','Rita@Clegg.com','wfmorgdqux','(>* o*)>| Ri Cl <(*o *<)'
'Shae Patel','Shae@Patel.com','kuedociybk','(>* o*)>| Sh Pa <(*o *<)'
'Betty Weidner','Betty@Weidner.com','rliyvdlnif','(>* o*)>| Be We <(*o *<)'
'Diana Barker','Diana@Barker.com','zqbdpxhnyo','(>* o*)>| Di Ba <(*o *<)'
'Grace Browning','Grace@Browning.com','tujpervhlq','(>* o*)>| Gr Br <(*o *<)'
'Gladys Page','Gladys@Page.com','pscqmcpzyn','(>* o*)>| Gl Pa <(*o *<)'
'Jamel Mcnabb','Jamel@Mcnabb.com','ufdygueweb','(>* o*)>| Ja Mc <(*o *<)'
'Rochelle Mendoza','Rochelle@Mendoza.com','rqohnlwqhn','(>* o*)>| Ro Me <(*o *<)'
'Douglas Fennell','Douglas@Fennell.com','ktnzxlygmq','(>* o*)>| Do Fe <(*o *<)'
'Sharon Hill','Sharon@Hill.com','hghnfewqzw','(>* o*)>| Sh Hi <(*o *<)'
'Karen Gates','Karen@Gates.com','afwkdjwwor','(>* o*)>| Ka Ga <(*o *<)'
'Marilyn Martin','Marilyn@Martin.com','txsyubulrz','(>* o*)>| Ma Ma <(*o *<)'
'Misty Esmond','Misty@Esmond.com','omciqbtptd','(>* o*)>| Mi Es <(*o *<)'
'Jamie Bush','Jamie@Bush.com','pientezpju','(>* o*)>| Ja Bu <(*o *<)'
'David Walls','David@Walls.com','hlzizahbzg','(>* o*)>| Da Wa <(*o *<)'
'Floyd Arroyo','Floyd@Arroyo.com','zinuwdvkdv','(>* o*)>| Fl Ar <(*o *<)'
'Estelle Barnes','Estelle@Barnes.com','tygjjgxoxu','(>* o*)>| Es Ba <(*o *<)'
'John Jones','John@Jones.com','oygglcmzni','(>* o*)>| Jo Jo <(*o *<)'
'Elsie Connelly','Elsie@Connelly.com','zwrqrpyrxt','(>* o*)>| El Co <(*o *<)'
'Charles Watson','Charles@Watson.com','uyluldkzte','(>* o*)>| Ch Wa <(*o *<)'
'Arline Martin','Arline@Martin.com','uqoozukdri','(>* o*)>| Ar Ma <(*o *<)'
'Cynthia Fujisawa','Cynthia@Fujisawa.com','zyzroasqsd','(>* o*)>| Cy Fu <(*o *<)'
'Misty Marie','Misty@Marie.com','oepyolviyx','(>* o*)>| Mi Ma <(*o *<)'
'Marie Miller','Marie@Miller.com','gqcyzndehr','(>* o*)>| Ma Mi <(*o *<)'
'Allen Nelson','Allen@Nelson.com','naavinhoto','(>* o*)>| Al Ne <(*o *<)'
'George Pierce','George@Pierce.com','cvfvasaddw','(>* o*)>| Ge Pi <(*o *<)'
'Shirley Pryce','Shirley@Pryce.com','gdrvmocrqg','(>* o*)>| Sh Pr <(*o *<)'
'Shirley Rubio','Shirley@Rubio.com','cggsdelrto','(>* o*)>| Sh Ru <(*o *<)'
'Kimberly Lira','Kimberly@Lira.com','iqtrmxhnsi','(>* o*)>| Ki Li <(*o *<)'
'Stephen Neal','Stephen@Neal.com','vsbagktugz','(>* o*)>| St Ne <(*o *<)'
'Aida Judkins','Aida@Judkins.com','yypmjgkisu','(>* o*)>| Ai Ju <(*o *<)'
'Peter Jones','Peter@Jones.com','uhtdmlyohz','(>* o*)>| Pe Jo <(*o *<)'
'Jean Fetherston','Jean@Fetherston.com','inlthohthe','(>* o*)>| Je Fe <(*o *<)'
'Vernon Lord','Vernon@Lord.com','yfpyyknipt','(>* o*)>| Ve Lo <(*o *<)'
'Ryan Splatt','Ryan@Splatt.com','bymdriuqid','(>* o*)>| Ry Sp <(*o *<)'
'Miriam Hayes','Miriam@Hayes.com','gilvsnktvm','(>* o*)>| Mi Ha <(*o *<)'
'Mary Donovan','Mary@Donovan.com','lhewkgkucf','(>* o*)>| Ma Do <(*o *<)'
'Marjorie Turner','Marjorie@Turner.com','lhwbvoaary','(>* o*)>| Ma Tu <(*o *<)'
'Stephen Morales','Stephen@Morales.com','egjyrdokhn','(>* o*)>| St Mo <(*o *<)'
'Jose Gillis','Jose@Gillis.com','qegcrojfcr','(>* o*)>| Jo Gi <(*o *<)'
'Irving Grant','Irving@Grant.com','beoghmtovv','(>* o*)>| Ir Gr <(*o *<)'
'Arnoldo Fielder','Arnoldo@Fielder.com','pfsdtnxzzo','(>* o*)>| Ar Fi <(*o *<)'
'Mary Mills','Mary@Mills.com','zfkvnfypbw','(>* o*)>| Ma Mi <(*o *<)'
'Jada Pigeon','Jada@Pigeon.com','nabkkskhbi','(>* o*)>| Ja Pi <(*o *<)'
'Harry Hennessy','Harry@Hennessy.com','nbbxntpcsz','(>* o*)>| Ha He <(*o *<)'
'Wanda Devoy','Wanda@Devoy.com','pdoxellwpo','(>* o*)>| Wa De <(*o *<)'
'James Manns','James@Manns.com','tdcdpkckvy','(>* o*)>| Ja Ma <(*o *<)'
'William Benninger','William@Benninger.com','pokoqatepw','(>* o*)>| Wi Be <(*o *<)'
'Chris Lennard','Chris@Lennard.com','rlirymygrc','(>* o*)>| Ch Le <(*o *<)'
'Melvin Sommers','Melvin@Sommers.com','otkzvebeug','(>* o*)>| Me So <(*o *<)'
'William Holter','William@Holter.com','fzxadtgziu','(>* o*)>| Wi Ho <(*o *<)'
'May Smith','May@Smith.com','ppftgswpbt','(>* o*)>| Ma Sm <(*o *<)'
'Alicia Hinton','Alicia@Hinton.com','cnvlofjhhb','(>* o*)>| Al Hi <(*o *<)'
'Timothy Johnson','Timothy@Johnson.com','xfmmtqydci','(>* o*)>| Ti Jo <(*o *<)'
'Jason Germain','Jason@Germain.com','logpctarsc','(>* o*)>| Ja Ge <(*o *<)'
'Tom Martin','Tom@Martin.com','ayjlgkeolg','(>* o*)>| To Ma <(*o *<)'
'Donald Creighton','Donald@Creighton.com','icmebbupxc','(>* o*)>| Do Cr <(*o *<)'
'Claire Tracy','Claire@Tracy.com','iucvhsouue','(>* o*)>| Cl Tr <(*o *<)'
'Prince Sanders','Prince@Sanders.com','zmljlfrfxb','(>* o*)>| Pr Sa <(*o *<)'
'Charles Davidson','Charles@Davidson.com','fwuinotnba','(>* o*)>| Ch Da <(*o *<)'
'Daniel Adkins','Daniel@Adkins.com','ezpvlhyvrk','(>* o*)>| Da Ad <(*o *<)'
'Linda Olmstead','Linda@Olmstead.com','zgrcjlsvdd','(>* o*)>| Li Ol <(*o *<)'
'George Deluna','George@Deluna.com','pwxgwmgphz','(>* o*)>| Ge De <(*o *<)'
'Donna Todd','Donna@Todd.com','rtlizkvimq','(>* o*)>| Do To <(*o *<)'
'Audrey Spence','Audrey@Spence.com','dqdfttchgz','(>* o*)>| Au Sp <(*o *<)'
'Joann Jorgensen','Joann@Jorgensen.com','auvqkljklq','(>* o*)>| Jo Jo <(*o *<)'
'Terry Sutton','Terry@Sutton.com','mexgvffhkn','(>* o*)>| Te Su <(*o *<)'
'Sandy Bridges','Sandy@Bridges.com','apzeeuxaiz','(>* o*)>| Sa Br <(*o *<)'
'Gary Zimmerman','Gary@Zimmerman.com','zifovixins','(>* o*)>| Ga Zi <(*o *<)'
'Donna Douglas','Donna@Douglas.com','kwnzfplexn','(>* o*)>| Do Do <(*o *<)'
'Theresa Flowers','Theresa@Flowers.com','tojohdeame','(>* o*)>| Th Fl <(*o *<)'
'Elmer Delk','Elmer@Delk.com','ngolybkmzi','(>* o*)>| El De <(*o *<)'
'Jay Newton','Jay@Newton.com','ucdokuqlxk','(>* o*)>| Ja Ne <(*o *<)'
'Rita Weisenfluh','Rita@Weisenfluh.com','ooheodfqfr','(>* o*)>| Ri We <(*o *<)'
'Tillie Scott','Tillie@Scott.com','ygmyutklim','(>* o*)>| Ti Sc <(*o *<)'
'Robert Vosburg','Robert@Vosburg.com','tcxnwyjzmp','(>* o*)>| Ro Vo <(*o *<)'
'Gary Aron','Gary@Aron.com','vjhfgvvyfb','(>* o*)>| Ga Ar <(*o *<)'
'Joyce Berry','Joyce@Berry.com','ydryigtlxb','(>* o*)>| Jo Be <(*o *<)'
'Melissa Johnson','Melissa@Johnson.com','fvoovcdjfz','(>* o*)>| Me Jo <(*o *<)'
'Frank Moshier','Frank@Moshier.com','plvrxedukq','(>* o*)>| Fr Mo <(*o *<)'
'Matthew Thom','Matthew@Thom.com','thlinsmqah','(>* o*)>| Ma Th <(*o *<)'
'Juana Lee','Juana@Lee.com','ibjkwkszhh','(>* o*)>| Ju Le <(*o *<)'
'Paul Penn','Paul@Penn.com','qwyhkmacup','(>* o*)>| Pa Pe <(*o *<)'
'Walter Chase','Walter@Chase.com','mtkkycrvpg','(>* o*)>| Wa Ch <(*o *<)'
'Philip Sherwood','Philip@Sherwood.com','udylgikizz','(>* o*)>| Ph Sh <(*o *<)'
'Jessica Postal','Jessica@Postal.com','gdpgukqtoa','(>* o*)>| Je Po <(*o *<)'
'Amber Battles','Amber@Battles.com','lcommyrooy','(>* o*)>| Am Ba <(*o *<)'
'Karla Clark','Karla@Clark.com','pddlljsgwv','(>* o*)>| Ka Cl <(*o *<)'
'Diane Garcia','Diane@Garcia.com','cowkjwhmvr','(>* o*)>| Di Ga <(*o *<)'
'Carol Lever','Carol@Lever.com','qwwowbmndx','(>* o*)>| Ca Le <(*o *<)'
'Stephen Rash','Stephen@Rash.com','udjqmbilgx','(>* o*)>| St Ra <(*o *<)'
'Clara Brennan','Clara@Brennan.com','wjtibatbva','(>* o*)>| Cl Br <(*o *<)'
'Christopher Nguyen','Christopher@Nguyen.com','ywwwzrvtof','(>* o*)>| Ch Ng <(*o *<)'
'Melissa Thomson','Melissa@Thomson.com','rwcxmwpids','(>* o*)>| Me Th <(*o *<)'
'Mary Watanabe','Mary@Watanabe.com','ekkgoffsdi','(>* o*)>| Ma Wa <(*o *<)'
'Angie Leong','Angie@Leong.com','uzrktzofmc','(>* o*)>| An Le <(*o *<)'
'Manuel Yee','Manuel@Yee.com','urjsfdkami','(>* o*)>| Ma Ye <(*o *<)'
'Darlene Woodis','Darlene@Woodis.com','fcmeifpjhq','(>* o*)>| Da Wo <(*o *<)'
'Laura Bastien','Laura@Bastien.com','yldmckxkta','(>* o*)>| La Ba <(*o *<)'
'Emily Nagel','Emily@Nagel.com','iqywypjewg','(>* o*)>| Em Na <(*o *<)'
'Belen Branton','Belen@Branton.com','aivdbdufzd','(>* o*)>| Be Br <(*o *<)'
'Anna Mirando','Anna@Mirando.com','cqglsronbf','(>* o*)>| An Mi <(*o *<)'
'Manuel Davis','Manuel@Davis.com','ajdodilbqc','(>* o*)>| Ma Da <(*o *<)'
'Mary Ferguson','Mary@Ferguson.com','rfzuugduov','(>* o*)>| Ma Fe <(*o *<)'
'Chad Kramer','Chad@Kramer.com','snjmnfxisd','(>* o*)>| Ch Kr <(*o *<)'
'James Cuadros','James@Cuadros.com','hafgvvhxhj','(>* o*)>| Ja Cu <(*o *<)'
'Robert Lucas','Robert@Lucas.com','atiotzjzqq','(>* o*)>| Ro Lu <(*o *<)'
'Sylvia Pike','Sylvia@Pike.com','ovdsmosdip','(>* o*)>| Sy Pi <(*o *<)'
'Larry Pena','Larry@Pena.com','fritfgygnu','(>* o*)>| La Pe <(*o *<)'
'Cindy Dean','Cindy@Dean.com','uvaeoqbdfn','(>* o*)>| Ci De <(*o *<)'
'David Spencer','David@Spencer.com','mvkgsfsabt','(>* o*)>| Da Sp <(*o *<)'
'Brian Barretta','Brian@Barretta.com','jjgpvvymxj','(>* o*)>| Br Ba <(*o *<)'
'Thomas Chapman','Thomas@Chapman.com','dvvpqgstpu','(>* o*)>| Th Ch <(*o *<)'
'Leigh Bradford','Leigh@Bradford.com','figaolmzke','(>* o*)>| Le Br <(*o *<)'
'Charlene Prewitt','Charlene@Prewitt.com','anvwgkbgpe','(>* o*)>| Ch Pr <(*o *<)'
'Barbara Casey','Barbara@Casey.com','fxhezstwii','(>* o*)>| Ba Ca <(*o *<)'
'Claudette Conner','Claudette@Conner.com','ttfmjnbcqf','(>* o*)>| Cl Co <(*o *<)'
'Diane Fleming','Diane@Fleming.com','hftlrlyerc','(>* o*)>| Di Fl <(*o *<)'
'Nancy Goldberg','Nancy@Goldberg.com','ebjsqrhtif','(>* o*)>| Na Go <(*o *<)'
'Timothy Basile','Timothy@Basile.com','wsrdqavxjz','(>* o*)>| Ti Ba <(*o *<)'
'Amy Morley','Amy@Morley.com','pnvytviqeo','(>* o*)>| Am Mo <(*o *<)'
'Charlene Matthews','Charlene@Matthews.com','dmifvaockj','(>* o*)>| Ch Ma <(*o *<)'
'Connie Dorrance','Connie@Dorrance.com','miyyigustj','(>* o*)>| Co Do <(*o *<)'
'Richard Juarez','Richard@Juarez.com','ifuvscqrjq','(>* o*)>| Ri Ju <(*o *<)'
'Eric Brightwell','Eric@Brightwell.com','oszywbnhwb','(>* o*)>| Er Br <(*o *<)'
'Jordan Dorn','Jordan@Dorn.com','dgyebwvepa','(>* o*)>| Jo Do <(*o *<)'
'Raul Fischetti','Raul@Fischetti.com','ximoxnylmw','(>* o*)>| Ra Fi <(*o *<)'
'Jack Rogers','Jack@Rogers.com','ucoycbypmd','(>* o*)>| Ja Ro <(*o *<)'
'Travis Spence','Travis@Spence.com','dftyrwnghr','(>* o*)>| Tr Sp <(*o *<)'
'Cindy Minter','Cindy@Minter.com','bclzumlcok','(>* o*)>| Ci Mi <(*o *<)'
'Yolanda Minter','Yolanda@Minter.com','ncdzedzshb','(>* o*)>| Yo Mi <(*o *<)'
'Judith Houser','Judith@Houser.com','jbunfhucjk','(>* o*)>| Ju Ho <(*o *<)'
'Brandon Waggoner','Brandon@Waggoner.com','esowqfdetx','(>* o*)>| Br Wa <(*o *<)'
'William Bridges','William@Bridges.com','nqyujywbwv','(>* o*)>| Wi Br <(*o *<)'
'Raymond Etheridge','Raymond@Etheridge.com','kbfrjpdrgp','(>* o*)>| Ra Et <(*o *<)'
'Pamela Jenkins','Pamela@Jenkins.com','zfikpuohjl','(>* o*)>| Pa Je <(*o *<)'
'Renee Austell','Renee@Austell.com','bfqbnahwov','(>* o*)>| Re Au <(*o *<)'
'Jessica Wolfe','Jessica@Wolfe.com','yhugzzbosj','(>* o*)>| Je Wo <(*o *<)'
'Lisa Hunter','Lisa@Hunter.com','ovqlcfyrjw','(>* o*)>| Li Hu <(*o *<)'
'Margaret Feld','Margaret@Feld.com','ooohovanyt','(>* o*)>| Ma Fe <(*o *<)'
'Joseph Collom','Joseph@Collom.com','pjhzbtwboz','(>* o*)>| Jo Co <(*o *<)'
'Ryan Mandy','Ryan@Mandy.com','hhuiijekqs','(>* o*)>| Ry Ma <(*o *<)'
'Kenneth Margolis','Kenneth@Margolis.com','wxyifwjydw','(>* o*)>| Ke Ma <(*o *<)'
'Katherine Brown','Katherine@Brown.com','ccwkljaawo','(>* o*)>| Ka Br <(*o *<)'
'Louise Schnieders','Louise@Schnieders.com','ezdptlkepk','(>* o*)>| Lo Sc <(*o *<)'
'Helen Dick','Helen@Dick.com','mugnkqqdjc','(>* o*)>| He Di <(*o *<)'
'Janis Figueroa','Janis@Figueroa.com','cdxhidcvmp','(>* o*)>| Ja Fi <(*o *<)'
'Paula Williams','Paula@Williams.com','gpacubvtbj','(>* o*)>| Pa Wi <(*o *<)'
'Sara Johnson','Sara@Johnson.com','rgofwowsty','(>* o*)>| Sa Jo <(*o *<)'
'Luis Meyers','Luis@Meyers.com','ffnlzeucfm','(>* o*)>| Lu Me <(*o *<)'
'Edward Milton','Edward@Milton.com','rbnjcksmmi','(>* o*)>| Ed Mi <(*o *<)'
'Lee Plummer','Lee@Plummer.com','xgseyqclji','(>* o*)>| Le Pl <(*o *<)'
'Cynthia Hall','Cynthia@Hall.com','xwlgwvtenu','(>* o*)>| Cy Ha <(*o *<)'
'Stephen Morefield','Stephen@Morefield.com','snzcrmlxeq','(>* o*)>| St Mo <(*o *<)'
'Lana Owen','Lana@Owen.com','gzmeazobiu','(>* o*)>| La Ow <(*o *<)'
'John Cox','John@Cox.com','uxczlxdjoq','(>* o*)>| Jo Co <(*o *<)'
'Marilyn Meier','Marilyn@Meier.com','jxcynldtvc','(>* o*)>| Ma Me <(*o *<)'
'Ryan West','Ryan@West.com','nwhzoojqmo','(>* o*)>| Ry We <(*o *<)'
'Josphine Barrera','Josphine@Barrera.com','dxbahkwfwv','(>* o*)>| Jo Ba <(*o *<)'
'Kenneth Dantzler','Kenneth@Dantzler.com','vvimqxrwym','(>* o*)>| Ke Da <(*o *<)'
'John Janes','John@Janes.com','rjghphyats','(>* o*)>| Jo Ja <(*o *<)'
'Jennie Hinz','Jennie@Hinz.com','solvieszku','(>* o*)>| Je Hi <(*o *<)'
'Sarah Fortune','Sarah@Fortune.com','qxllsdnbas','(>* o*)>| Sa Fo <(*o *<)'
'Adam Lord','Adam@Lord.com','fuyubxcbie','(>* o*)>| Ad Lo <(*o *<)'
'Miguel Martinez','Miguel@Martinez.com','avczmykvfv','(>* o*)>| Mi Ma <(*o *<)'
'Angelia Aparicio','Angelia@Aparicio.com','ykeqiqqsvu','(>* o*)>| An Ap <(*o *<)'
'Angela Smith','Angela@Smith.com','iwdwmbhivv','(>* o*)>| An Sm <(*o *<)'
'Edward Rose','Edward@Rose.com','gkmcfrqepz','(>* o*)>| Ed Ro <(*o *<)'
'Betty Davis','Betty@Davis.com','brsdahrytb','(>* o*)>| Be Da <(*o *<)'
'Neal Pewitt','Neal@Pewitt.com','ziqslqccdx','(>* o*)>| Ne Pe <(*o *<)'
'Vincent Wright','Vincent@Wright.com','areggkfqlc','(>* o*)>| Vi Wr <(*o *<)'
'Carmen Mixon','Carmen@Mixon.com','jgbnqgfxro','(>* o*)>| Ca Mi <(*o *<)'
'Fred Ponyah','Fred@Ponyah.com','vwcxcpakbb','(>* o*)>| Fr Po <(*o *<)'
'Mary Lynn','Mary@Lynn.com','jukxnwxwdx','(>* o*)>| Ma Ly <(*o *<)'
'Anna Pipkin','Anna@Pipkin.com','hglujwrbcl','(>* o*)>| An Pi <(*o *<)'
'Colleen Kim','Colleen@Kim.com','bhensppdll','(>* o*)>| Co Ki <(*o *<)'
'Ruth Castro','Ruth@Castro.com','ovouilrtae','(>* o*)>| Ru Ca <(*o *<)'
'Andrea Cook','Andrea@Cook.com','nkitfjjsqw','(>* o*)>| An Co <(*o *<)'
'Melvin Schubert','Melvin@Schubert.com','lsuqbdhemy','(>* o*)>| Me Sc <(*o *<)'
'Gary Davis','Gary@Davis.com','kidtrxcvge','(>* o*)>| Ga Da <(*o *<)'
'Luis Franklin','Luis@Franklin.com','beegyxbxoe','(>* o*)>| Lu Fr <(*o *<)'
'Maria Burton','Maria@Burton.com','gopqttvnts','(>* o*)>| Ma Bu <(*o *<)'
'Nicole White','Nicole@White.com','xxoqfnakrn','(>* o*)>| Ni Wh <(*o *<)'
'Linda Allen','Linda@Allen.com','gwfmfcshyr','(>* o*)>| Li Al <(*o *<)'
'Hazel Wind','Hazel@Wind.com','hkrmveoimd','(>* o*)>| Ha Wi <(*o *<)'
'Roxanne Regan','Roxanne@Regan.com','rwkmwhdtaz','(>* o*)>| Ro Re <(*o *<)'
'Barbara Montoya','Barbara@Montoya.com','dxrwlzxozf','(>* o*)>| Ba Mo <(*o *<)'
'Robert Bradstreet','Robert@Bradstreet.com','ayqffdddgk','(>* o*)>| Ro Br <(*o *<)'
'Katie Paxton','Katie@Paxton.com','plendhmtaa','(>* o*)>| Ka Pa <(*o *<)'
'Pauline Pepper','Pauline@Pepper.com','oadnfmuxxu','(>* o*)>| Pa Pe <(*o *<)'
'John Thaniel','John@Thaniel.com','lxzfpdmpjj','(>* o*)>| Jo Th <(*o *<)'
'Victoria Daniels','Victoria@Daniels.com','hxqirppshs','(>* o*)>| Vi Da <(*o *<)'
'Eric Heiliger','Eric@Heiliger.com','iszxuomzwk','(>* o*)>| Er He <(*o *<)'
'John Tuggle','John@Tuggle.com','gaopbhyywe','(>* o*)>| Jo Tu <(*o *<)'
'Kala Pokswinski','Kala@Pokswinski.com','hszzylgbzw','(>* o*)>| Ka Po <(*o *<)'
'Steven Maple','Steven@Maple.com','xweulewmhk','(>* o*)>| St Ma <(*o *<)'
'Christopher Wilson','Christopher@Wilson.com','onqhzavven','(>* o*)>| Ch Wi <(*o *<)'
'Carol Robb','Carol@Robb.com','cehmpqscsf','(>* o*)>| Ca Ro <(*o *<)'
'Gregorio Niemi','Gregorio@Niemi.com','hestabveaw','(>* o*)>| Gr Ni <(*o *<)'
'Vergie Painter','Vergie@Painter.com','igxijeiujx','(>* o*)>| Ve Pa <(*o *<)'
'Anne Coles','Anne@Coles.com','eagyayalsx','(>* o*)>| An Co <(*o *<)'
'Ronnie Seidel','Ronnie@Seidel.com','hrpanlnzwj','(>* o*)>| Ro Se <(*o *<)'
'Julia Welton','Julia@Welton.com','xjvdhtgkzi','(>* o*)>| Ju We <(*o *<)'
'David Caverly','David@Caverly.com','oocmjzzfgp','(>* o*)>| Da Ca <(*o *<)'
'Lillian Goodspeed','Lillian@Goodspeed.com','onwevytfdz','(>* o*)>| Li Go <(*o *<)'
'Eric Haro','Eric@Haro.com','nunqgkkjjt','(>* o*)>| Er Ha <(*o *<)'
'Carmen Freeman','Carmen@Freeman.com','euawiyqdde','(>* o*)>| Ca Fr <(*o *<)'
'Katrina Crawley','Katrina@Crawley.com','ulviqylaiy','(>* o*)>| Ka Cr <(*o *<)'
'Carey Peluso','Carey@Peluso.com','iracflukqq','(>* o*)>| Ca Pe <(*o *<)'
'Doris Droke','Doris@Droke.com','zvymyhgbbv','(>* o*)>| Do Dr <(*o *<)'
'Roselyn Bach','Roselyn@Bach.com','ubvwpavefx','(>* o*)>| Ro Ba <(*o *<)'
'Julietta Davidson','Julietta@Davidson.com','mamcrukrvi','(>* o*)>| Ju Da <(*o *<)'
'Darrell Vines','Darrell@Vines.com','cbkhfavrov','(>* o*)>| Da Vi <(*o *<)'
'Shirley Carter','Shirley@Carter.com','gguegndjtw','(>* o*)>| Sh Ca <(*o *<)'
'Raul Dews','Raul@Dews.com','bdsavxrbrz','(>* o*)>| Ra De <(*o *<)'
'Irene Bailey','Irene@Bailey.com','mrtztzfmky','(>* o*)>| Ir Ba <(*o *<)'
'Lorraine Childers','Lorraine@Childers.com','rvwqeuevuv','(>* o*)>| Lo Ch <(*o *<)'
'Catherine Zingler','Catherine@Zingler.com','jntdxwlhiu','(>* o*)>| Ca Zi <(*o *<)'
'Deanne Vargo','Deanne@Vargo.com','aatspkgrna','(>* o*)>| De Va <(*o *<)'
'Kelli Weber','Kelli@Weber.com','cspxwtkgnw','(>* o*)>| Ke We <(*o *<)'
'Paul Pfeiffer','Paul@Pfeiffer.com','vbzuytgnuq','(>* o*)>| Pa Pf <(*o *<)'
'Edward Ferretti','Edward@Ferretti.com','hyfjggmyyr','(>* o*)>| Ed Fe <(*o *<)'
'Scott Garcia','Scott@Garcia.com','jenvulkqrt','(>* o*)>| Sc Ga <(*o *<)'
'Sarah Parrish','Sarah@Parrish.com','lnzaphnfkf','(>* o*)>| Sa Pa <(*o *<)'
'Alberta Greene','Alberta@Greene.com','akmaoddffj','(>* o*)>| Al Gr <(*o *<)'
'Theresa Pelletier','Theresa@Pelletier.com','hlsjqxyyhy','(>* o*)>| Th Pe <(*o *<)'
'Ruby Longstreet','Ruby@Longstreet.com','rejmgnbvnc','(>* o*)>| Ru Lo <(*o *<)'
'Joseph Karam','Joseph@Karam.com','rbagwcamul','(>* o*)>| Jo Ka <(*o *<)'
'Sylvia Nygren','Sylvia@Nygren.com','hzhtktkwfc','(>* o*)>| Sy Ny <(*o *<)'
'Brittany Pimentel','Brittany@Pimentel.com','kdjauezwyi','(>* o*)>| Br Pi <(*o *<)'
'Joetta Schackow','Joetta@Schackow.com','pacwphxpxh','(>* o*)>| Jo Sc <(*o *<)'
'Michael Gentner','Michael@Gentner.com','aysdcndwdt','(>* o*)>| Mi Ge <(*o *<)'
'Cristina Badilla','Cristina@Badilla.com','ubwziymmcv','(>* o*)>| Cr Ba <(*o *<)'
'Michele Jaworowski','Michele@Jaworowski.com','wbvkximlqk','(>* o*)>| Mi Ja <(*o *<)'
'Norman Little','Norman@Little.com','jxqpwwigqu','(>* o*)>| No Li <(*o *<)'
'Arthur Posey','Arthur@Posey.com','xosudqfwtm','(>* o*)>| Ar Po <(*o *<)'
'Joe Mcdowell','Joe@Mcdowell.com','pjldkwvxfi','(>* o*)>| Jo Mc <(*o *<)'
'Sandra Lopez','Sandra@Lopez.com','drmcszgfvl','(>* o*)>| Sa Lo <(*o *<)'
'John Bueche','John@Bueche.com','ekwawznwwu','(>* o*)>| Jo Bu <(*o *<)'
'Helen Blanchard','Helen@Blanchard.com','hbkhrlrdfg','(>* o*)>| He Bl <(*o *<)'
'Angela Garner','Angela@Garner.com','uztqifdbnj','(>* o*)>| An Ga <(*o *<)'
'Stephen Chancellor','Stephen@Chancellor.com','nvahectgcb','(>* o*)>| St Ch <(*o *<)'
'Laura Hodges','Laura@Hodges.com','ldlqgwnzvi','(>* o*)>| La Ho <(*o *<)'
'Marina Shaffer','Marina@Shaffer.com','zcmvfbtlub','(>* o*)>| Ma Sh <(*o *<)'
'Robert Walker','Robert@Walker.com','mivcuynqzy','(>* o*)>| Ro Wa <(*o *<)'
'Ernest Leonard','Ernest@Leonard.com','ayniljhewc','(>* o*)>| Er Le <(*o *<)'
'Curtis Cha','Curtis@Cha.com','asylssaiju','(>* o*)>| Cu Ch <(*o *<)'
'Walter Hughes','Walter@Hughes.com','xswgpvvzam','(>* o*)>| Wa Hu <(*o *<)'
'Judith Sluka','Judith@Sluka.com','tszyrfnall','(>* o*)>| Ju Sl <(*o *<)'
'Levi Delafuente','Levi@Delafuente.com','cvtrpruktm','(>* o*)>| Le De <(*o *<)'
'John Blakely','John@Blakely.com','yxasjodlod','(>* o*)>| Jo Bl <(*o *<)'
'Norman Ide','Norman@Ide.com','lmkczyjqze','(>* o*)>| No Id <(*o *<)'
'Willie Hartman','Willie@Hartman.com','rmvscttfzg','(>* o*)>| Wi Ha <(*o *<)'
'Ronald Hopkins','Ronald@Hopkins.com','uikookjodd','(>* o*)>| Ro Ho <(*o *<)'
'Paul Chevrette','Paul@Chevrette.com','azgfqzabwh','(>* o*)>| Pa Ch <(*o *<)'
'George Spoon','George@Spoon.com','wchqyesghk','(>* o*)>| Ge Sp <(*o *<)'
'Linda Rico','Linda@Rico.com','zmtmsijaly','(>* o*)>| Li Ri <(*o *<)'
'Brenda Kuipers','Brenda@Kuipers.com','mprxfrdyic','(>* o*)>| Br Ku <(*o *<)'
'Larry Adams','Larry@Adams.com','glsxdlgvog','(>* o*)>| La Ad <(*o *<)'
'Juan Grimaldi','Juan@Grimaldi.com','xsptvnmtam','(>* o*)>| Ju Gr <(*o *<)'
'Christine Balch','Christine@Balch.com','nafqoqynds','(>* o*)>| Ch Ba <(*o *<)'
'Danny Pouncil','Danny@Pouncil.com','fwtnmnpuwd','(>* o*)>| Da Po <(*o *<)'
'Sylvia Shepherd','Sylvia@Shepherd.com','woaltsoqvy','(>* o*)>| Sy Sh <(*o *<)'
'Stuart White','Stuart@White.com','mbnbwzlnyp','(>* o*)>| St Wh <(*o *<)'
'Elsa Rivers','Elsa@Rivers.com','yzetigrbuy','(>* o*)>| El Ri <(*o *<)'
'Lula Long','Lula@Long.com','qoxfxsnryr','(>* o*)>| Lu Lo <(*o *<)'
'Richard Goodrich','Richard@Goodrich.com','vszuxltrmv','(>* o*)>| Ri Go <(*o *<)'
'Joseph Bryant','Joseph@Bryant.com','kvfenjtawc','(>* o*)>| Jo Br <(*o *<)'
'Ashley Tritt','Ashley@Tritt.com','pmksdimuqp','(>* o*)>| As Tr <(*o *<)'
'Raymond Aragon','Raymond@Aragon.com','qijqlodrzr','(>* o*)>| Ra Ar <(*o *<)'
'Elise Drennan','Elise@Drennan.com','jwafovobwp','(>* o*)>| El Dr <(*o *<)'
'Alyce Shoop','Alyce@Shoop.com','jrioysayon','(>* o*)>| Al Sh <(*o *<)'
'Bernard Conway','Bernard@Conway.com','sigkqtwebu','(>* o*)>| Be Co <(*o *<)'
'Leona Terry','Leona@Terry.com','xqfivysbpa','(>* o*)>| Le Te <(*o *<)'
'Rebecca Jacobsen','Rebecca@Jacobsen.com','rpckswlqrd','(>* o*)>| Re Ja <(*o *<)'
'Rick Daniels','Rick@Daniels.com','eemptqjafp','(>* o*)>| Ri Da <(*o *<)'
'Courtney Turner','Courtney@Turner.com','zewoacovhl','(>* o*)>| Co Tu <(*o *<)'
'Robert Hoopes','Robert@Hoopes.com','bxkytziqic','(>* o*)>| Ro Ho <(*o *<)'
'Michelle Winn','Michelle@Winn.com','nvzpjsgnyb','(>* o*)>| Mi Wi <(*o *<)'
'Shannon Catton','Shannon@Catton.com','xpoekbhvtb','(>* o*)>| Sh Ca <(*o *<)'
'Jeanette Andrews','Jeanette@Andrews.com','jxixwzgltt','(>* o*)>| Je An <(*o *<)'
'Janet Paredes','Janet@Paredes.com','yythvuugmj','(>* o*)>| Ja Pa <(*o *<)'
'Saundra Love','Saundra@Love.com','uvdxkqoqso','(>* o*)>| Sa Lo <(*o *<)'
'Mathew Quigley','Mathew@Quigley.com','qxkibztmsm','(>* o*)>| Ma Qu <(*o *<)'
'Alex Taylor','Alex@Taylor.com','xelynndgie','(>* o*)>| Al Ta <(*o *<)'
'Amber Yaiva','Amber@Yaiva.com','zqvfrdlqrg','(>* o*)>| Am Ya <(*o *<)'
'Freda Mcvey','Freda@Mcvey.com','zozwiubuta','(>* o*)>| Fr Mc <(*o *<)'
'Mark Newsome','Mark@Newsome.com','dkhkvddpsh','(>* o*)>| Ma Ne <(*o *<)'
'Susan Strickland','Susan@Strickland.com','sfexwmgcyw','(>* o*)>| Su St <(*o *<)'
'Brandon Valentine','Brandon@Valentine.com','gtrlyxfnno','(>* o*)>| Br Va <(*o *<)'
'Jennifer Eurich','Jennifer@Eurich.com','aeqmtosfzy','(>* o*)>| Je Eu <(*o *<)'
'Celia Sims','Celia@Sims.com','mqdmythhrc','(>* o*)>| Ce Si <(*o *<)'
'Margaret Otoole','Margaret@Otoole.com','ozabefphum','(>* o*)>| Ma Ot <(*o *<)'
'Leah Clark','Leah@Clark.com','jkqgqmsnex','(>* o*)>| Le Cl <(*o *<)'
'Marianne Herrera','Marianne@Herrera.com','yrzfqwbjpc','(>* o*)>| Ma He <(*o *<)'
'Alejandro Butler','Alejandro@Butler.com','aptqhjpygi','(>* o*)>| Al Bu <(*o *<)'
'Ebony Muniz','Ebony@Muniz.com','vqdffrvxqo','(>* o*)>| Eb Mu <(*o *<)'
'Tyler Irvin','Tyler@Irvin.com','scpvyjadnr','(>* o*)>| Ty Ir <(*o *<)'
'Herbert Gonzalez','Herbert@Gonzalez.com','ucpgwehjux','(>* o*)>| He Go <(*o *<)'
'Benjamin Peacock','Benjamin@Peacock.com','wmnfbfqlzy','(>* o*)>| Be Pe <(*o *<)'
'Gloria Hillsman','Gloria@Hillsman.com','snopqgpfva','(>* o*)>| Gl Hi <(*o *<)'
'Jacob Dube','Jacob@Dube.com','yueuspzkvh','(>* o*)>| Ja Du <(*o *<)'
'Carlos Lee','Carlos@Lee.com','qtdbrmoyvs','(>* o*)>| Ca Le <(*o *<)'
'John Sierra','John@Sierra.com','ibddvkxlqy','(>* o*)>| Jo Si <(*o *<)'
'Douglas Green','Douglas@Green.com','cibenxtgiq','(>* o*)>| Do Gr <(*o *<)'
'Brenda Manuel','Brenda@Manuel.com','ltrsluketh','(>* o*)>| Br Ma <(*o *<)'
'Martin Webb','Martin@Webb.com','azayncjkrl','(>* o*)>| Ma We <(*o *<)'
'Darren Mckay','Darren@Mckay.com','khzqagcfao','(>* o*)>| Da Mc <(*o *<)'
'Kyle Henderson','Kyle@Henderson.com','gvcywnbbur','(>* o*)>| Ky He <(*o *<)'
'Keven Jackson','Keven@Jackson.com','rtyodpifhp','(>* o*)>| Ke Ja <(*o *<)'
'Cynthia Legarreta','Cynthia@Legarreta.com','dylbddasxl','(>* o*)>| Cy Le <(*o *<)'
'Michael Hernandez','Michael@Hernandez.com','ibwyyfgdhr','(>* o*)>| Mi He <(*o *<)'
'Gladys Morales','Gladys@Morales.com','dqvfxdpqzm','(>* o*)>| Gl Mo <(*o *<)'
'Paul Odea','Paul@Odea.com','kljvywunwb','(>* o*)>| Pa Od <(*o *<)'
'David Jeffers','David@Jeffers.com','nbzjmjhqbw','(>* o*)>| Da Je <(*o *<)'
'Raymond Lovick','Raymond@Lovick.com','rqsaerorbd','(>* o*)>| Ra Lo <(*o *<)'
'Melissa Blood','Melissa@Blood.com','hxmstoxtwd','(>* o*)>| Me Bl <(*o *<)'
'Stephen Pam','Stephen@Pam.com','byzsknttzt','(>* o*)>| St Pa <(*o *<)'
'Matthew Bush','Matthew@Bush.com','idlsiopiap','(>* o*)>| Ma Bu <(*o *<)'
'Carl William','Carl@William.com','dnihuexmmf','(>* o*)>| Ca Wi <(*o *<)'
'James Cox','James@Cox.com','tixsqjhndo','(>* o*)>| Ja Co <(*o *<)'
'Lillian Hicks','Lillian@Hicks.com','rmzqfuwogu','(>* o*)>| Li Hi <(*o *<)'
'Ellen Leclair','Ellen@Leclair.com','cmvspcxhau','(>* o*)>| El Le <(*o *<)'
'Karen Miller','Karen@Miller.com','deuowprhik','(>* o*)>| Ka Mi <(*o *<)'
'Victor Lenz','Victor@Lenz.com','sxxqctbzif','(>* o*)>| Vi Le <(*o *<)'
'Sandra Liu','Sandra@Liu.com','tialmkrmfv','(>* o*)>| Sa Li <(*o *<)'
'Rita Nolan','Rita@Nolan.com','hyiirxxdqr','(>* o*)>| Ri No <(*o *<)'
'Pauline Wright','Pauline@Wright.com','kmlwghvhac','(>* o*)>| Pa Wr <(*o *<)'
'Mabel Key','Mabel@Key.com','aekiwjkcas','(>* o*)>| Ma Ke <(*o *<)'
'Eric Winks','Eric@Winks.com','acnnqcfigy','(>* o*)>| Er Wi <(*o *<)'
'Jeffrey Cush','Jeffrey@Cush.com','ppknwlgdtp','(>* o*)>| Je Cu <(*o *<)'
'Joan Sudbeck','Joan@Sudbeck.com','iocvzxhluw','(>* o*)>| Jo Su <(*o *<)'
'Susie Kizer','Susie@Kizer.com','ofdinchxzd','(>* o*)>| Su Ki <(*o *<)'
'Bryan Mills','Bryan@Mills.com','sledvcmpaa','(>* o*)>| Br Mi <(*o *<)'
'Christopher Gonzales','Christopher@Gonzales.com','exscwmeikr','(>* o*)>| Ch Go <(*o *<)'
'Carmela Harris','Carmela@Harris.com','gmfmhtzxpm','(>* o*)>| Ca Ha <(*o *<)'
'Karen Felix','Karen@Felix.com','rknagmbzhn','(>* o*)>| Ka Fe <(*o *<)'
'Genevieve Crane','Genevieve@Crane.com','gxybesmnvr','(>* o*)>| Ge Cr <(*o *<)'
'Patrick Warren','Patrick@Warren.com','inufunouyy','(>* o*)>| Pa Wa <(*o *<)'
'Bryan Gonzalez','Bryan@Gonzalez.com','zykszjlwla','(>* o*)>| Br Go <(*o *<)'
'Carol Gartman','Carol@Gartman.com','odwwrwikoy','(>* o*)>| Ca Ga <(*o *<)'
'John Goforth','John@Goforth.com','bloggrnbwm','(>* o*)>| Jo Go <(*o *<)'
'Elizabeth Taylor','Elizabeth@Taylor.com','vohvqslzwi','(>* o*)>| El Ta <(*o *<)'
'Wilma Infante','Wilma@Infante.com','fxurvzktre','(>* o*)>| Wi In <(*o *<)'
'Vada Summa','Vada@Summa.com','qnrtdksvts','(>* o*)>| Va Su <(*o *<)'
'Clayton Mattila','Clayton@Mattila.com','wwlgevmwyw','(>* o*)>| Cl Ma <(*o *<)'
'Willie Mcevoy','Willie@Mcevoy.com','zykjtysnfp','(>* o*)>| Wi Mc <(*o *<)'
'Allison Park','Allison@Park.com','cwhsjpjbpq','(>* o*)>| Al Pa <(*o *<)'
'Robert Cloe','Robert@Cloe.com','xrmxzgyvik','(>* o*)>| Ro Cl <(*o *<)'
'Walter Weiler','Walter@Weiler.com','bncvepjekl','(>* o*)>| Wa We <(*o *<)'
'Matthew Weatherspoon','Matthew@Weatherspoon.com','lebngdhvqa','(>* o*)>| Ma We <(*o *<)'
'Joshua Easter','Joshua@Easter.com','zocrvlsrbi','(>* o*)>| Jo Ea <(*o *<)'
'Evelyn Lafferty','Evelyn@Lafferty.com','itemydlqbx','(>* o*)>| Ev La <(*o *<)'
'Felecia Lennard','Felecia@Lennard.com','mibpoeamcp','(>* o*)>| Fe Le <(*o *<)'
'Garret Deaner','Garret@Deaner.com','wjioojpzlt','(>* o*)>| Ga De <(*o *<)'
'Larry Hodgson','Larry@Hodgson.com','fkuuszboeu','(>* o*)>| La Ho <(*o *<)'
'Richard Garcia','Richard@Garcia.com','loirdfbeef','(>* o*)>| Ri Ga <(*o *<)'
'Jackie Mcgaughey','Jackie@Mcgaughey.com','pxqfojkait','(>* o*)>| Ja Mc <(*o *<)'
'Shawn Henderson','Shawn@Henderson.com','tgcagvsnli','(>* o*)>| Sh He <(*o *<)'
'Felicia Kroes','Felicia@Kroes.com','nlbcaaczxo','(>* o*)>| Fe Kr <(*o *<)'
'Aaron Gutierrez','Aaron@Gutierrez.com','usgsytsjzz','(>* o*)>| Aa Gu <(*o *<)'
'Charles Clear','Charles@Clear.com','bzmymypbxb','(>* o*)>| Ch Cl <(*o *<)'
'Rusty Berg','Rusty@Berg.com','yoebcbqwiy','(>* o*)>| Ru Be <(*o *<)'
'Barbara Crews','Barbara@Crews.com','zdjiyosatq','(>* o*)>| Ba Cr <(*o *<)'
'Gwen Barkley','Gwen@Barkley.com','wwzumzobwz','(>* o*)>| Gw Ba <(*o *<)'
'Mary Magnuson','Mary@Magnuson.com','sdmyqbaesb','(>* o*)>| Ma Ma <(*o *<)'
'Jay Mcneal','Jay@Mcneal.com','qdgkcworcf','(>* o*)>| Ja Mc <(*o *<)'
'Reginald Link','Reginald@Link.com','jjuejsesod','(>* o*)>| Re Li <(*o *<)'
'Thomas Hollenbeck','Thomas@Hollenbeck.com','mldbeehhyh','(>* o*)>| Th Ho <(*o *<)'
'Michelle Mauro','Michelle@Mauro.com','suianvnccy','(>* o*)>| Mi Ma <(*o *<)'
'Jeremy Bechtold','Jeremy@Bechtold.com','qyaarkzrta','(>* o*)>| Je Be <(*o *<)'
'Leesa Burnette','Leesa@Burnette.com','bbqomnfgte','(>* o*)>| Le Bu <(*o *<)'
'Joe Caron','Joe@Caron.com','gdcnykafld','(>* o*)>| Jo Ca <(*o *<)'
'Michael Lujan','Michael@Lujan.com','ldxehsitnx','(>* o*)>| Mi Lu <(*o *<)'
'Maricela Paul','Maricela@Paul.com','gijkbuzvof','(>* o*)>| Ma Pa <(*o *<)'
'Derrick Houston','Derrick@Houston.com','zzmjmgeefs','(>* o*)>| De Ho <(*o *<)'
'William Fudge','William@Fudge.com','khbcvwbrdm','(>* o*)>| Wi Fu <(*o *<)'
'Garry Manning','Garry@Manning.com','rksejocxzn','(>* o*)>| Ga Ma <(*o *<)'
'Ruth Moss','Ruth@Moss.com','diixgurvvx','(>* o*)>| Ru Mo <(*o *<)'
'Wallace Finley','Wallace@Finley.com','iazhsouoyw','(>* o*)>| Wa Fi <(*o *<)'
'Linda Staker','Linda@Staker.com','jasbmjfzjd','(>* o*)>| Li St <(*o *<)'
'Brian Ruiz','Brian@Ruiz.com','mgzameexwo','(>* o*)>| Br Ru <(*o *<)'
'James Davenport','James@Davenport.com','ubwrzhbaor','(>* o*)>| Ja Da <(*o *<)'
'Mark Middleton','Mark@Middleton.com','afqajnjlci','(>* o*)>| Ma Mi <(*o *<)'
'Mary James','Mary@James.com','udlhmrfgsd','(>* o*)>| Ma Ja <(*o *<)'
'Ronald Moss','Ronald@Moss.com','fsahnxbekx','(>* o*)>| Ro Mo <(*o *<)'
'Betty Dean','Betty@Dean.com','pokpnskraq','(>* o*)>| Be De <(*o *<)'
'Jill Romero','Jill@Romero.com','ftguwnrcdt','(>* o*)>| Ji Ro <(*o *<)'
'Florencio Hess','Florencio@Hess.com','ryzekmmwqk','(>* o*)>| Fl He <(*o *<)'
'Johnny Flores','Johnny@Flores.com','skgefncqin','(>* o*)>| Jo Fl <(*o *<)'
'Richard Gomez','Richard@Gomez.com','phlelywgpx','(>* o*)>| Ri Go <(*o *<)'
'Malcolm Maisch','Malcolm@Maisch.com','rfnqsufclw','(>* o*)>| Ma Ma <(*o *<)'
'John Maisey','John@Maisey.com','mxoalevfev','(>* o*)>| Jo Ma <(*o *<)'
'James Marsh','James@Marsh.com','suomzvoowp','(>* o*)>| Ja Ma <(*o *<)'
'Estela Moore','Estela@Moore.com','wcwnswunqt','(>* o*)>| Es Mo <(*o *<)'
'Ronald Cahill','Ronald@Cahill.com','lwyyntdnku','(>* o*)>| Ro Ca <(*o *<)'
'Cynthia Bogart','Cynthia@Bogart.com','bebbvwhymt','(>* o*)>| Cy Bo <(*o *<)'
'Cynthia Sommer','Cynthia@Sommer.com','eldhqsaydv','(>* o*)>| Cy So <(*o *<)'
'Felipe Delaine','Felipe@Delaine.com','hzznanytqm','(>* o*)>| Fe De <(*o *<)'
'Martha Buzzard','Martha@Buzzard.com','lmqhssatqn','(>* o*)>| Ma Bu <(*o *<)'
'John Riester','John@Riester.com','ztkvnrlwiy','(>* o*)>| Jo Ri <(*o *<)'
'Madeline Hall','Madeline@Hall.com','wpdzjmcxow','(>* o*)>| Ma Ha <(*o *<)'
'Kathleen Bouffard','Kathleen@Bouffard.com','puqhxufwpa','(>* o*)>| Ka Bo <(*o *<)'
'Eleanor Crooks','Eleanor@Crooks.com','fvjwnhbjof','(>* o*)>| El Cr <(*o *<)'
'Gayle Deleon','Gayle@Deleon.com','ozrelmuhey','(>* o*)>| Ga De <(*o *<)'
'Vance Dow','Vance@Dow.com','qvctcckout','(>* o*)>| Va Do <(*o *<)'
'Wayne Ciaccio','Wayne@Ciaccio.com','zmslcuiyik','(>* o*)>| Wa Ci <(*o *<)'
'Mary Styles','Mary@Styles.com','zqxwqhefld','(>* o*)>| Ma St <(*o *<)'
'Johnny Noland','Johnny@Noland.com','righeikden','(>* o*)>| Jo No <(*o *<)'
'John Freudenburg','John@Freudenburg.com','lcflpaokmc','(>* o*)>| Jo Fr <(*o *<)'
'Kerry Dancy','Kerry@Dancy.com','dblwewugos','(>* o*)>| Ke Da <(*o *<)'
'Kris Luebke','Kris@Luebke.com','xtrsviseae','(>* o*)>| Kr Lu <(*o *<)'
'John Nelson','John@Nelson.com','ufymuombkn','(>* o*)>| Jo Ne <(*o *<)'
'John Swanson','John@Swanson.com','hglnvxfzkv','(>* o*)>| Jo Sw <(*o *<)'
'Melody Ford','Melody@Ford.com','oyxifyrbjd','(>* o*)>| Me Fo <(*o *<)'
'Francisco Gordon','Francisco@Gordon.com','ankhheberc','(>* o*)>| Fr Go <(*o *<)'
'Walter Lee','Walter@Lee.com','hpgvafcqdc','(>* o*)>| Wa Le <(*o *<)'
'Jennifer Mattson','Jennifer@Mattson.com','ufimduscmd','(>* o*)>| Je Ma <(*o *<)'
'Charles Harrison','Charles@Harrison.com','tjcijfcxbt','(>* o*)>| Ch Ha <(*o *<)'
'Ray Hale','Ray@Hale.com','eelxawmqcs','(>* o*)>| Ra Ha <(*o *<)'
'Melissa Bobeck','Melissa@Bobeck.com','gdcawjivvv','(>* o*)>| Me Bo <(*o *<)'
'Robert Allen','Robert@Allen.com','kpkgtsrmzx','(>* o*)>| Ro Al <(*o *<)'
'Bonnie Gove','Bonnie@Gove.com','svsdzcjvbd','(>* o*)>| Bo Go <(*o *<)'
'Christine Seebach','Christine@Seebach.com','vbqnhotuir','(>* o*)>| Ch Se <(*o *<)'
'Michelle Boedeker','Michelle@Boedeker.com','iuhfxqgxwv','(>* o*)>| Mi Bo <(*o *<)'
'Walter Cook','Walter@Cook.com','aymxsxloqi','(>* o*)>| Wa Co <(*o *<)'
'Malinda Woodard','Malinda@Woodard.com','itoraeagbr','(>* o*)>| Ma Wo <(*o *<)'
'Ricardo Clifford','Ricardo@Clifford.com','iqeguweifg','(>* o*)>| Ri Cl <(*o *<)'
'Darnell Sandoval','Darnell@Sandoval.com','buodnbimnq','(>* o*)>| Da Sa <(*o *<)'
'Patrica Jackson','Patrica@Jackson.com','rrkuetyyxi','(>* o*)>| Pa Ja <(*o *<)'
'Rogelio Harris','Rogelio@Harris.com','devwohhnme','(>* o*)>| Ro Ha <(*o *<)'
'Clara Theel','Clara@Theel.com','ocbofuwbub','(>* o*)>| Cl Th <(*o *<)'
'Mary Ray','Mary@Ray.com','etciqrdynk','(>* o*)>| Ma Ra <(*o *<)'
'Gladys Carter','Gladys@Carter.com','kxpgazmykp','(>* o*)>| Gl Ca <(*o *<)'
'Robert Pope','Robert@Pope.com','wpzbinrkwr','(>* o*)>| Ro Po <(*o *<)'
'Charlotte Hoover','Charlotte@Hoover.com','lxisrjfakc','(>* o*)>| Ch Ho <(*o *<)'
'Clarence Mayfield','Clarence@Mayfield.com','defwwruuep','(>* o*)>| Cl Ma <(*o *<)'
'Donald Evans','Donald@Evans.com','neykvonqmc','(>* o*)>| Do Ev <(*o *<)'
'Scotty Juarez','Scotty@Juarez.com','nnvairdsgk','(>* o*)>| Sc Ju <(*o *<)'
'Josie Maxwell','Josie@Maxwell.com','mygjhhrznw','(>* o*)>| Jo Ma <(*o *<)'
'Clementina Carpenter','Clementina@Carpenter.com','qfaefmbnxe','(>* o*)>| Cl Ca <(*o *<)'
'Virginia Johnson','Virginia@Johnson.com','yauswravgj','(>* o*)>| Vi Jo <(*o *<)'
'Maria Belkowski','Maria@Belkowski.com','agkgzbwqph','(>* o*)>| Ma Be <(*o *<)'
'Edward Creveling','Edward@Creveling.com','zoitcydfhz','(>* o*)>| Ed Cr <(*o *<)'
'Irene Baker','Irene@Baker.com','yckreekqgc','(>* o*)>| Ir Ba <(*o *<)'
'James Chapman','James@Chapman.com','nnahlrpbst','(>* o*)>| Ja Ch <(*o *<)'
'Gary Larkin','Gary@Larkin.com','sutjpaoslk','(>* o*)>| Ga La <(*o *<)'
'Karen Santiago','Karen@Santiago.com','jyvvgppdce','(>* o*)>| Ka Sa <(*o *<)'
'Shirley Arevalo','Shirley@Arevalo.com','jfnimmiuig','(>* o*)>| Sh Ar <(*o *<)'
'Ruth Brown','Ruth@Brown.com','gbbwhywtmn','(>* o*)>| Ru Br <(*o *<)'
'Cindy West','Cindy@West.com','ajzyinfegs','(>* o*)>| Ci We <(*o *<)'
'Glenn Bradley','Glenn@Bradley.com','hbclgeocfw','(>* o*)>| Gl Br <(*o *<)'
'Fran Smith','Fran@Smith.com','gqjtsivqcz','(>* o*)>| Fr Sm <(*o *<)'
'Phyllis Kyles','Phyllis@Kyles.com','nzjosytfhj','(>* o*)>| Ph Ky <(*o *<)'
'Walter Hopson','Walter@Hopson.com','vrxhqnsvcp','(>* o*)>| Wa Ho <(*o *<)'
'Genevieve Emanuel','Genevieve@Emanuel.com','wdpgyacgsj','(>* o*)>| Ge Em <(*o *<)'
'Manuel More','Manuel@More.com','wibzwkrjby','(>* o*)>| Ma Mo <(*o *<)'
'Gordon Lesky','Gordon@Lesky.com','cvvtkxzcld','(>* o*)>| Go Le <(*o *<)'
'Christopher Harding','Christopher@Harding.com','pktjuelrjn','(>* o*)>| Ch Ha <(*o *<)'
'Carl Franklin','Carl@Franklin.com','hlenplnzlf','(>* o*)>| Ca Fr <(*o *<)'
'Eric Tainter','Eric@Tainter.com','ppgabaxcim','(>* o*)>| Er Ta <(*o *<)'
'Ruby Bond','Ruby@Bond.com','eflbzuhamm','(>* o*)>| Ru Bo <(*o *<)'
'Michael Combs','Michael@Combs.com','qbomtnzzgh','(>* o*)>| Mi Co <(*o *<)'
'Corina Davis','Corina@Davis.com','gqesqocsdu','(>* o*)>| Co Da <(*o *<)'
'Robert Bennett','Robert@Bennett.com','fjxjwxcnbp','(>* o*)>| Ro Be <(*o *<)'
'Richard Gay','Richard@Gay.com','ibawhbdsrt','(>* o*)>| Ri Ga <(*o *<)'
'Olene Allison','Olene@Allison.com','brrrnzhprq','(>* o*)>| Ol Al <(*o *<)'
'Mary Southard','Mary@Southard.com','yyfjpqwjgq','(>* o*)>| Ma So <(*o *<)'
'Silas Kelley','Silas@Kelley.com','lxqjkpxwqt','(>* o*)>| Si Ke <(*o *<)'
'Mary Richardson','Mary@Richardson.com','rpyolpwlac','(>* o*)>| Ma Ri <(*o *<)'
'Vickie Collett','Vickie@Collett.com','bbmtifmnlx','(>* o*)>| Vi Co <(*o *<)'
'Raymond Rothstein','Raymond@Rothstein.com','azbzrguvqx','(>* o*)>| Ra Ro <(*o *<)'
'Clinton Beall','Clinton@Beall.com','hgqxusrxfd','(>* o*)>| Cl Be <(*o *<)'
'Gary Woodard','Gary@Woodard.com','laobpezxwj','(>* o*)>| Ga Wo <(*o *<)'
'April Angert','April@Angert.com','xioiyvhbct','(>* o*)>| Ap An <(*o *<)'
'Leonard Lopez','Leonard@Lopez.com','stxvffpako','(>* o*)>| Le Lo <(*o *<)'
'Mary Franklin','Mary@Franklin.com','ebucftecef','(>* o*)>| Ma Fr <(*o *<)'
'Patricia Olson','Patricia@Olson.com','ryubkpvbym','(>* o*)>| Pa Ol <(*o *<)'
'Beth Jackson','Beth@Jackson.com','xanrgudkdh','(>* o*)>| Be Ja <(*o *<)'
'Natalie Martinez','Natalie@Martinez.com','kbgnsrqypb','(>* o*)>| Na Ma <(*o *<)'
'Marjorie Bailey','Marjorie@Bailey.com','gayuglvjcs','(>* o*)>| Ma Ba <(*o *<)'
'Kelly Leonard','Kelly@Leonard.com','xtwznbudzj','(>* o*)>| Ke Le <(*o *<)'
'Jack Wright','Jack@Wright.com','hmexqplkjk','(>* o*)>| Ja Wr <(*o *<)'
'Marlyn Molino','Marlyn@Molino.com','nzxaeiqfqx','(>* o*)>| Ma Mo <(*o *<)'
'Beatriz Schiffelbein','Beatriz@Schiffelbein.com','kpdqrcggsp','(>* o*)>| Be Sc <(*o *<)'
'Carmen Robin','Carmen@Robin.com','isatbnhavk','(>* o*)>| Ca Ro <(*o *<)'
'Antonio Rone','Antonio@Rone.com','ssgeionhhe','(>* o*)>| An Ro <(*o *<)'
'Sophie Tavolario','Sophie@Tavolario.com','pacdcqvfqy','(>* o*)>| So Ta <(*o *<)'
'Millicent Garcia','Millicent@Garcia.com','ldfmdnigmg','(>* o*)>| Mi Ga <(*o *<)'
'Clinton Riley','Clinton@Riley.com','nfdqlyzhos','(>* o*)>| Cl Ri <(*o *<)'
'Anthony Hartley','Anthony@Hartley.com','hwanqjkyyq','(>* o*)>| An Ha <(*o *<)'
'Regenia Silva','Regenia@Silva.com','bikrthqbxx','(>* o*)>| Re Si <(*o *<)'
'Nelson Berger','Nelson@Berger.com','ifaplkubtw','(>* o*)>| Ne Be <(*o *<)'
'Jose Costello','Jose@Costello.com','tibvhumemb','(>* o*)>| Jo Co <(*o *<)'
'Randall Mckenzie','Randall@Mckenzie.com','rbxcwuodel','(>* o*)>| Ra Mc <(*o *<)'
'Virgie Finley','Virgie@Finley.com','cjlcskesdu','(>* o*)>| Vi Fi <(*o *<)'
'Jame Garza','Jame@Garza.com','vhvupayinn','(>* o*)>| Ja Ga <(*o *<)'
'Jasmine Sisson','Jasmine@Sisson.com','yxbeprdsal','(>* o*)>| Ja Si <(*o *<)'
'Martha Smith','Martha@Smith.com','uhlaiabnra','(>* o*)>| Ma Sm <(*o *<)'
'Andre Combs','Andre@Combs.com','inpifjkpcv','(>* o*)>| An Co <(*o *<)'
'Raymond Cameron','Raymond@Cameron.com','hdsrakbfkj','(>* o*)>| Ra Ca <(*o *<)'
'Heather Flores','Heather@Flores.com','ylsvlskrbh','(>* o*)>| He Fl <(*o *<)'
'Christopher Matthews','Christopher@Matthews.com','xadnuwgvgr','(>* o*)>| Ch Ma <(*o *<)'
'Fred Woodson','Fred@Woodson.com','zhskfuevar','(>* o*)>| Fr Wo <(*o *<)'
'Vivian Laforest','Vivian@Laforest.com','ctgiitndcq','(>* o*)>| Vi La <(*o *<)'
'Catherine Heckman','Catherine@Heckman.com','lemywahbwn','(>* o*)>| Ca He <(*o *<)'
'Melissa Burgess','Melissa@Burgess.com','ilawpwuuve','(>* o*)>| Me Bu <(*o *<)'
'Pamela Repinski','Pamela@Repinski.com','szuphdbfjs','(>* o*)>| Pa Re <(*o *<)'
'Erica Manna','Erica@Manna.com','yazzrrxgrb','(>* o*)>| Er Ma <(*o *<)'
'Jack Haines','Jack@Haines.com','clmqovzwhn','(>* o*)>| Ja Ha <(*o *<)'
'Loretta Martin','Loretta@Martin.com','wknbzjmpsv','(>* o*)>| Lo Ma <(*o *<)'
'Jerry Richard','Jerry@Richard.com','aflmdcmqrk','(>* o*)>| Je Ri <(*o *<)'
'Thelma Locy','Thelma@Locy.com','zguaovgtza','(>* o*)>| Th Lo <(*o *<)'
'Steve Alewine','Steve@Alewine.com','anovpqnwxw','(>* o*)>| St Al <(*o *<)'
'John Sharp','John@Sharp.com','aqheilwnaz','(>* o*)>| Jo Sh <(*o *<)'
'Scottie Gofton','Scottie@Gofton.com','hpsodfqghv','(>* o*)>| Sc Go <(*o *<)'
'Michael Dickinson','Michael@Dickinson.com','wzxndyagqf','(>* o*)>| Mi Di <(*o *<)'
'Laura Glasser','Laura@Glasser.com','ojwugkytkh','(>* o*)>| La Gl <(*o *<)'
'Rosendo Michaelis','Rosendo@Michaelis.com','iegyzgwgog','(>* o*)>| Ro Mi <(*o *<)'
'Homer Johnson','Homer@Johnson.com','nhoedpxtse','(>* o*)>| Ho Jo <(*o *<)'
'Brenda Morales','Brenda@Morales.com','rslrapoywh','(>* o*)>| Br Mo <(*o *<)'
'Frank Brown','Frank@Brown.com','sruezxncen','(>* o*)>| Fr Br <(*o *<)'
'Karen Newman','Karen@Newman.com','hqossqggrb','(>* o*)>| Ka Ne <(*o *<)'
'Jerald England','Jerald@England.com','pwezdzhajt','(>* o*)>| Je En <(*o *<)'
'Matthew Hernandez','Matthew@Hernandez.com','ciuibobleo','(>* o*)>| Ma He <(*o *<)'
'Leon Drayton','Leon@Drayton.com','lfwjkvitfs','(>* o*)>| Le Dr <(*o *<)'
'Sarah Myers','Sarah@Myers.com','ligrhtphfr','(>* o*)>| Sa My <(*o *<)'
'Thomas Schweitzer','Thomas@Schweitzer.com','uekjgssihd','(>* o*)>| Th Sc <(*o *<)'
'Nellie Delacruz','Nellie@Delacruz.com','zcujhrhlbx','(>* o*)>| Ne De <(*o *<)'
'Michael Brock','Michael@Brock.com','vzfytvaqem','(>* o*)>| Mi Br <(*o *<)'
'Paul Franklin','Paul@Franklin.com','tugfcmiseu','(>* o*)>| Pa Fr <(*o *<)'
'Harold Chidester','Harold@Chidester.com','alaymqukdx','(>* o*)>| Ha Ch <(*o *<)'
'Don Glotfelty','Don@Glotfelty.com','wsppcpkxhv','(>* o*)>| Do Gl <(*o *<)'
'Eddie Cole','Eddie@Cole.com','kdfotmnktt','(>* o*)>| Ed Co <(*o *<)'
'Norene Jennings','Norene@Jennings.com','fmoyvjzolp','(>* o*)>| No Je <(*o *<)'
'Debra Oneal','Debra@Oneal.com','qzdrtomlya','(>* o*)>| De On <(*o *<)'
'Blanche Hensley','Blanche@Hensley.com','baofosdzig','(>* o*)>| Bl He <(*o *<)'
'Dallas Wolf','Dallas@Wolf.com','flwwzgkkeb','(>* o*)>| Da Wo <(*o *<)'
'Amanda Loveland','Amanda@Loveland.com','ayktdspcxf','(>* o*)>| Am Lo <(*o *<)'
'Janice Grill','Janice@Grill.com','pjgxorajni','(>* o*)>| Ja Gr <(*o *<)'
'Lionel Rutski','Lionel@Rutski.com','pyxzamzwrl','(>* o*)>| Li Ru <(*o *<)'
'Amparo Shelby','Amparo@Shelby.com','jqwkiegzto','(>* o*)>| Am Sh <(*o *<)'
'Walter Coleman','Walter@Coleman.com','tqdzzmtmho','(>* o*)>| Wa Co <(*o *<)'
'Tricia Allen','Tricia@Allen.com','gfakqrcjzr','(>* o*)>| Tr Al <(*o *<)'
'Freda Gaston','Freda@Gaston.com','hijdtllqjt','(>* o*)>| Fr Ga <(*o *<)'
'Doris Dorsey','Doris@Dorsey.com','zvmaproyzh','(>* o*)>| Do Do <(*o *<)'
'Charles Abbott','Charles@Abbott.com','kkshatqxwj','(>* o*)>| Ch Ab <(*o *<)'
'Nicki Berhe','Nicki@Berhe.com','wbsqrzqych','(>* o*)>| Ni Be <(*o *<)'
'Paul Harrison','Paul@Harrison.com','xwawmdyvbf','(>* o*)>| Pa Ha <(*o *<)'
'Mark Spirko','Mark@Spirko.com','bzlvfnhydp','(>* o*)>| Ma Sp <(*o *<)'
'John Roman','John@Roman.com','ksfpgvepbm','(>* o*)>| Jo Ro <(*o *<)'
'Anibal Boyles','Anibal@Boyles.com','ppovqexxkb','(>* o*)>| An Bo <(*o *<)'
'Mary Whitesides','Mary@Whitesides.com','vosexfleon','(>* o*)>| Ma Wh <(*o *<)'
'Monica Rice','Monica@Rice.com','zdbascnokl','(>* o*)>| Mo Ri <(*o *<)'
'Amy Peterson','Amy@Peterson.com','hjafkvgfut','(>* o*)>| Am Pe <(*o *<)'
'Zane Melton','Zane@Melton.com','ghrjmfzggf','(>* o*)>| Za Me <(*o *<)'
'Sandra Mynatt','Sandra@Mynatt.com','ilypshetbh','(>* o*)>| Sa My <(*o *<)'
'Kenneth Robinson','Kenneth@Robinson.com','laabubhcds','(>* o*)>| Ke Ro <(*o *<)'
'Tosha Becerra','Tosha@Becerra.com','weqxpixrcs','(>* o*)>| To Be <(*o *<)'
'Dawn Mead','Dawn@Mead.com','haceejgsmh','(>* o*)>| Da Me <(*o *<)'
'Benny Keiss','Benny@Keiss.com','nxwyjwqmns','(>* o*)>| Be Ke <(*o *<)'
'George Arch','George@Arch.com','bqdkawrjwg','(>* o*)>| Ge Ar <(*o *<)'
'Lillian Payne','Lillian@Payne.com','wbmjjqrhqw','(>* o*)>| Li Pa <(*o *<)'
'Joanne Momeni','Joanne@Momeni.com','klzvomszkn','(>* o*)>| Jo Mo <(*o *<)'
'Matthew Gonzales','Matthew@Gonzales.com','bklmouyvfe','(>* o*)>| Ma Go <(*o *<)'
'Chris Holman','Chris@Holman.com','pwcwuupsoz','(>* o*)>| Ch Ho <(*o *<)'
'Dorothy Gaynor','Dorothy@Gaynor.com','xbgtdvrotr','(>* o*)>| Do Ga <(*o *<)'
'Jessica Harrison','Jessica@Harrison.com','zafphhdned','(>* o*)>| Je Ha <(*o *<)'
'Cora Hammond','Cora@Hammond.com','swiamvfguc','(>* o*)>| Co Ha <(*o *<)'
'James Crochet','James@Crochet.com','vcrsurdoii','(>* o*)>| Ja Cr <(*o *<)'
'Mary Collins','Mary@Collins.com','sgegbfdaau','(>* o*)>| Ma Co <(*o *<)'
'Amanda Schultz','Amanda@Schultz.com','cehjaozhni','(>* o*)>| Am Sc <(*o *<)'
'Christopher Oglesby','Christopher@Oglesby.com','qhzjbuxcip','(>* o*)>| Ch Og <(*o *<)'
'Gwen Blakeley','Gwen@Blakeley.com','nalewquyss','(>* o*)>| Gw Bl <(*o *<)'
'Diane Rodgers','Diane@Rodgers.com','odfrneqhwl','(>* o*)>| Di Ro <(*o *<)'
'Gerald Thacker','Gerald@Thacker.com','scaetsashy','(>* o*)>| Ge Th <(*o *<)'
'Darrell Lee','Darrell@Lee.com','pglatfyugi','(>* o*)>| Da Le <(*o *<)'
'Vanessa Betts','Vanessa@Betts.com','xjxfvbhulx','(>* o*)>| Va Be <(*o *<)'
'Maria Whitaker','Maria@Whitaker.com','jkbierqdlf','(>* o*)>| Ma Wh <(*o *<)'
'James Thomas','James@Thomas.com','bnnjtxjmqc','(>* o*)>| Ja Th <(*o *<)'
'Laurel Steele','Laurel@Steele.com','jnthxursqn','(>* o*)>| La St <(*o *<)'
'Bryan Osborn','Bryan@Osborn.com','popjzwecni','(>* o*)>| Br Os <(*o *<)'
'Manuel Byrne','Manuel@Byrne.com','hetscqrkrd','(>* o*)>| Ma By <(*o *<)'
'Robert Cowett','Robert@Cowett.com','wcbmtiywnx','(>* o*)>| Ro Co <(*o *<)'
'Randy Scott','Randy@Scott.com','jjcwrkdbfq','(>* o*)>| Ra Sc <(*o *<)'
'Barbara Johnson','Barbara@Johnson.com','phmgseliug','(>* o*)>| Ba Jo <(*o *<)'
'Paul Eligio','Paul@Eligio.com','nogorywacj','(>* o*)>| Pa El <(*o *<)'
'Leola Shoulta','Leola@Shoulta.com','agxkfqpshl','(>* o*)>| Le Sh <(*o *<)'
'Bertha Dorn','Bertha@Dorn.com','oxutekevsu','(>* o*)>| Be Do <(*o *<)'
'Theodore Hogue','Theodore@Hogue.com','oejfeibltr','(>* o*)>| Th Ho <(*o *<)'
'Steven Mcfarland','Steven@Mcfarland.com','zbjqqocifd','(>* o*)>| St Mc <(*o *<)'
'Brian Jellerson','Brian@Jellerson.com','rfobocditr','(>* o*)>| Br Je <(*o *<)'
'Lisa Wills','Lisa@Wills.com','ozkqxorczn','(>* o*)>| Li Wi <(*o *<)'
'Helen Hartsook','Helen@Hartsook.com','wxcmujqebv','(>* o*)>| He Ha <(*o *<)'
'Linda Johnson','Linda@Johnson.com','kccroonuok','(>* o*)>| Li Jo <(*o *<)'
'Celestine Swaim','Celestine@Swaim.com','qdadrqxsta','(>* o*)>| Ce Sw <(*o *<)'
'Celia Mills','Celia@Mills.com','mcxrjncpyy','(>* o*)>| Ce Mi <(*o *<)'
'Harold Arterburn','Harold@Arterburn.com','rbifbmqnxu','(>* o*)>| Ha Ar <(*o *<)'
'Mark Martin','Mark@Martin.com','eltnwvkxzu','(>* o*)>| Ma Ma <(*o *<)'
'Fay Driscoll','Fay@Driscoll.com','earpyepvzm','(>* o*)>| Fa Dr <(*o *<)'
'Maria Villanveva','Maria@Villanveva.com','kjvsrciuxb','(>* o*)>| Ma Vi <(*o *<)'
'William Heichel','William@Heichel.com','qdwcuqigjq','(>* o*)>| Wi He <(*o *<)'
'Terry Ruiz','Terry@Ruiz.com','aiucimtkgw','(>* o*)>| Te Ru <(*o *<)'
'Margaret Hinostroza','Margaret@Hinostroza.com','ffdawgcmbv','(>* o*)>| Ma Hi <(*o *<)'
'Ruben Jones','Ruben@Jones.com','cvfiubxyxu','(>* o*)>| Ru Jo <(*o *<)'
'Marie Culver','Marie@Culver.com','efqhzzlfmr','(>* o*)>| Ma Cu <(*o *<)'
'Aaron Moffett','Aaron@Moffett.com','xujqjqcsvk','(>* o*)>| Aa Mo <(*o *<)'
'Jeffrey Allen','Jeffrey@Allen.com','rgycvkapms','(>* o*)>| Je Al <(*o *<)'
'Jason Macdougall','Jason@Macdougall.com','cqkvnphpsf','(>* o*)>| Ja Ma <(*o *<)'
'Carisa Howard','Carisa@Howard.com','wnluzfkzpm','(>* o*)>| Ca Ho <(*o *<)'
'Paul Saliba','Paul@Saliba.com','zbsvfzfjnb','(>* o*)>| Pa Sa <(*o *<)'
'Martha Josefy','Martha@Josefy.com','mortulgjtk','(>* o*)>| Ma Jo <(*o *<)'
'Shawn Nugent','Shawn@Nugent.com','vnseyenqcg','(>* o*)>| Sh Nu <(*o *<)'
'Deanne Pinheiro','Deanne@Pinheiro.com','fzzskmpkto','(>* o*)>| De Pi <(*o *<)'
'Susan Harre','Susan@Harre.com','xhfrvbhztc','(>* o*)>| Su Ha <(*o *<)'
'Ruth Gergen','Ruth@Gergen.com','hhyoefwekv','(>* o*)>| Ru Ge <(*o *<)'
'Scott Stine','Scott@Stine.com','imzrnqxyyg','(>* o*)>| Sc St <(*o *<)'
'William Fuss','William@Fuss.com','iuyncbiabk','(>* o*)>| Wi Fu <(*o *<)'
'Martin Stewart','Martin@Stewart.com','pzglgtmooh','(>* o*)>| Ma St <(*o *<)'
'Roman Johnson','Roman@Johnson.com','mcsgbkxuzz','(>* o*)>| Ro Jo <(*o *<)'
'Monica Hu','Monica@Hu.com','cnpiuvgffa','(>* o*)>| Mo Hu <(*o *<)'
'Jose Armagost','Jose@Armagost.com','ihagdadbui','(>* o*)>| Jo Ar <(*o *<)'
'Marcos Joseph','Marcos@Joseph.com','jpmdsopgec','(>* o*)>| Ma Jo <(*o *<)'
'Willie Baez','Willie@Baez.com','vnuyvoncox','(>* o*)>| Wi Ba <(*o *<)'
'Melissa Mateus','Melissa@Mateus.com','vpdqbxslxe','(>* o*)>| Me Ma <(*o *<)'
'Robin Rice','Robin@Rice.com','sikqpeeeyg','(>* o*)>| Ro Ri <(*o *<)'
'James Scott','James@Scott.com','lgjapimskh','(>* o*)>| Ja Sc <(*o *<)'
'Virgil Leich','Virgil@Leich.com','qimystnacl','(>* o*)>| Vi Le <(*o *<)'
'Chad Holder','Chad@Holder.com','iizmbpxalc','(>* o*)>| Ch Ho <(*o *<)'
'Bessie Elsass','Bessie@Elsass.com','tktxlujtbr','(>* o*)>| Be El <(*o *<)'
'Nathaniel Koch','Nathaniel@Koch.com','ugopthlxhw','(>* o*)>| Na Ko <(*o *<)'
'Nicole Cremeans','Nicole@Cremeans.com','eqsxmoljsw','(>* o*)>| Ni Cr <(*o *<)'
'Alexander Bentley','Alexander@Bentley.com','mrjmfgjnof','(>* o*)>| Al Be <(*o *<)'
'Barbara Sanders','Barbara@Sanders.com','excompqwzn','(>* o*)>| Ba Sa <(*o *<)'
'Renita Jones','Renita@Jones.com','zqmnzrysku','(>* o*)>| Re Jo <(*o *<)'
'Clayton Marcus','Clayton@Marcus.com','skbdznynje','(>* o*)>| Cl Ma <(*o *<)'
'Nella Baskerville','Nella@Baskerville.com','eloaygkaqq','(>* o*)>| Ne Ba <(*o *<)'
'Charles Boldt','Charles@Boldt.com','naxzkntpyx','(>* o*)>| Ch Bo <(*o *<)'
'Luis Cooperrider','Luis@Cooperrider.com','owisnxceyq','(>* o*)>| Lu Co <(*o *<)'
'Adam Young','Adam@Young.com','otadqachmx','(>* o*)>| Ad Yo <(*o *<)'
'Kristopher Bevins','Kristopher@Bevins.com','rdfdokdcby','(>* o*)>| Kr Be <(*o *<)'
'Mike Hale','Mike@Hale.com','csljewvnhz','(>* o*)>| Mi Ha <(*o *<)'
'Shirley Treto','Shirley@Treto.com','gwmcfcrlqm','(>* o*)>| Sh Tr <(*o *<)'
'William Oliveros','William@Oliveros.com','kzuedqtjel','(>* o*)>| Wi Ol <(*o *<)'
'Duane Mckenna','Duane@Mckenna.com','yusqodycws','(>* o*)>| Du Mc <(*o *<)'
'Francis Ward','Francis@Ward.com','kjekvqrsfa','(>* o*)>| Fr Wa <(*o *<)'
'Maria Scheel','Maria@Scheel.com','txwlvehxto','(>* o*)>| Ma Sc <(*o *<)'
'Matthew Aylsworth','Matthew@Aylsworth.com','imbnvhhtel','(>* o*)>| Ma Ay <(*o *<)'
'Amy Damico','Amy@Damico.com','iiizfexwbj','(>* o*)>| Am Da <(*o *<)'
'Delores Johnson','Delores@Johnson.com','hdcpplonpb','(>* o*)>| De Jo <(*o *<)'
'Lady Slagle','Lady@Slagle.com','ywbbdoxwta','(>* o*)>| La Sl <(*o *<)'
'Timothy Gilliam','Timothy@Gilliam.com','qskctrprrw','(>* o*)>| Ti Gi <(*o *<)'
'Jonathan Greenwood','Jonathan@Greenwood.com','mejajusrix','(>* o*)>| Jo Gr <(*o *<)'
'Kenneth Montey','Kenneth@Montey.com','qgxjoombcx','(>* o*)>| Ke Mo <(*o *<)'
'Micah Knox','Micah@Knox.com','ooipzyittb','(>* o*)>| Mi Kn <(*o *<)'
'Carol Mashack','Carol@Mashack.com','gjgfbitubi','(>* o*)>| Ca Ma <(*o *<)'
'Adolfo Zimmerman','Adolfo@Zimmerman.com','uwzclamrpf','(>* o*)>| Ad Zi <(*o *<)'
'Richard Hudgins','Richard@Hudgins.com','hurkpdxfqg','(>* o*)>| Ri Hu <(*o *<)'
'Vernon Lupez','Vernon@Lupez.com','ivuridmlcx','(>* o*)>| Ve Lu <(*o *<)'
'Leslie Birge','Leslie@Birge.com','gidbvhcmdm','(>* o*)>| Le Bi <(*o *<)'
'Alex Mcclain','Alex@Mcclain.com','qvbdkfcamd','(>* o*)>| Al Mc <(*o *<)'
'Julie Anderton','Julie@Anderton.com','trbvjtdbwz','(>* o*)>| Ju An <(*o *<)'
'Jeremy Barksdale','Jeremy@Barksdale.com','iawobxwlql','(>* o*)>| Je Ba <(*o *<)'
'Jodi Morgan','Jodi@Morgan.com','wfizuzzphd','(>* o*)>| Jo Mo <(*o *<)'
'John Heninger','John@Heninger.com','rplvaiqivw','(>* o*)>| Jo He <(*o *<)'
'Sarah Huerta','Sarah@Huerta.com','mtlbubbtwc','(>* o*)>| Sa Hu <(*o *<)'
'Armando Palmer','Armando@Palmer.com','tvwayfcprz','(>* o*)>| Ar Pa <(*o *<)'
'Richard Rivera','Richard@Rivera.com','hfmhzxfvhz','(>* o*)>| Ri Ri <(*o *<)'
'Denise Cochran','Denise@Cochran.com','bavlvvlanu','(>* o*)>| De Co <(*o *<)'
'Roosevelt Spangler','Roosevelt@Spangler.com','dmbwlpjolz','(>* o*)>| Ro Sp <(*o *<)'
'Mildred Fonseca','Mildred@Fonseca.com','wdcchgmktl','(>* o*)>| Mi Fo <(*o *<)'
'Lacey Gary','Lacey@Gary.com','yyxzqcnitp','(>* o*)>| La Ga <(*o *<)'
'Randy Jones','Randy@Jones.com','kurmcyfwwr','(>* o*)>| Ra Jo <(*o *<)'
'Elizabeth Anderson','Elizabeth@Anderson.com','zqywtwjjww','(>* o*)>| El An <(*o *<)'
'Juan Tillman','Juan@Tillman.com','hcpcvbizph','(>* o*)>| Ju Ti <(*o *<)'
'Rose Rochat','Rose@Rochat.com','pcalktcffz','(>* o*)>| Ro Ro <(*o *<)'
'Geralyn Weich','Geralyn@Weich.com','ssspzqekzh','(>* o*)>| Ge We <(*o *<)'
'Chris Burhans','Chris@Burhans.com','nctiuihopy','(>* o*)>| Ch Bu <(*o *<)'
'Martin Johns','Martin@Johns.com','rghnumjdgh','(>* o*)>| Ma Jo <(*o *<)'
'Anita Vetrano','Anita@Vetrano.com','bgyqkobqle','(>* o*)>| An Ve <(*o *<)'
'Jason Queen','Jason@Queen.com','kwtvvzdmtw','(>* o*)>| Ja Qu <(*o *<)'
'Harold Snook','Harold@Snook.com','ujzebqxvgl','(>* o*)>| Ha Sn <(*o *<)'
'Vina Matson','Vina@Matson.com','sxmaratilx','(>* o*)>| Vi Ma <(*o *<)'
'Mike Amaya','Mike@Amaya.com','zvtdovwwsl','(>* o*)>| Mi Am <(*o *<)'
'Nicholas Glidden','Nicholas@Glidden.com','efqecvqkxq','(>* o*)>| Ni Gl <(*o *<)'
'Roland Kiely','Roland@Kiely.com','nqhtkzlfsu','(>* o*)>| Ro Ki <(*o *<)'
'Edward Potter','Edward@Potter.com','jqaifhzzxu','(>* o*)>| Ed Po <(*o *<)'
'Kathleen Sexton','Kathleen@Sexton.com','nmysleesbl','(>* o*)>| Ka Se <(*o *<)'
'Cindy Fox','Cindy@Fox.com','nxjwotoqox','(>* o*)>| Ci Fo <(*o *<)'
'Beth Wagoner','Beth@Wagoner.com','cbndlvjwvz','(>* o*)>| Be Wa <(*o *<)'
'Marion Harris','Marion@Harris.com','frjcduknhh','(>* o*)>| Ma Ha <(*o *<)'
'Augusta Lee','Augusta@Lee.com','qczqmoplwb','(>* o*)>| Au Le <(*o *<)'
'Peggy Fiorini','Peggy@Fiorini.com','xdkbgjmlkb','(>* o*)>| Pe Fi <(*o *<)'
'Sarah Havens','Sarah@Havens.com','cffqrjvquz','(>* o*)>| Sa Ha <(*o *<)'
'Bennie Browder','Bennie@Browder.com','tvsegblxdc','(>* o*)>| Be Br <(*o *<)'
'Rebecca Smith','Rebecca@Smith.com','adrsgqmonc','(>* o*)>| Re Sm <(*o *<)'
'Joann Cade','Joann@Cade.com','ijocbzwtjn','(>* o*)>| Jo Ca <(*o *<)'
'Zack Hill','Zack@Hill.com','cwaxugucuo','(>* o*)>| Za Hi <(*o *<)'
'Mary Fennimore','Mary@Fennimore.com','xqmfdmfjmt','(>* o*)>| Ma Fe <(*o *<)'
'Harold Bauer','Harold@Bauer.com','snzqzgiwnj','(>* o*)>| Ha Ba <(*o *<)'
'Cherish Mccann','Cherish@Mccann.com','wslqssfkjh','(>* o*)>| Ch Mc <(*o *<)'
'Miguel Hinojosa','Miguel@Hinojosa.com','ttyznjxrad','(>* o*)>| Mi Hi <(*o *<)'
'Leroy Cover','Leroy@Cover.com','rmtihklhrc','(>* o*)>| Le Co <(*o *<)'
'Shaun Adams','Shaun@Adams.com','dkcyzegtdt','(>* o*)>| Sh Ad <(*o *<)'
'Wendi Furlong','Wendi@Furlong.com','jexjotloqw','(>* o*)>| We Fu <(*o *<)'
'Matthew Galayda','Matthew@Galayda.com','mdxqnbqthu','(>* o*)>| Ma Ga <(*o *<)'
'Salvador Graham','Salvador@Graham.com','pmyiurmbmr','(>* o*)>| Sa Gr <(*o *<)'
'Mary Skowronek','Mary@Skowronek.com','pjxpsnuzmr','(>* o*)>| Ma Sk <(*o *<)'
'Dorothy Jenkins','Dorothy@Jenkins.com','ikcpmioypj','(>* o*)>| Do Je <(*o *<)'
'Verna Farney','Verna@Farney.com','tboyoslqga','(>* o*)>| Ve Fa <(*o *<)'
'Michael Clark','Michael@Clark.com','swvkqgeytv','(>* o*)>| Mi Cl <(*o *<)'
'Emil Deal','Emil@Deal.com','manjvdvuar','(>* o*)>| Em De <(*o *<)'
'Marie Beach','Marie@Beach.com','azuulitobv','(>* o*)>| Ma Be <(*o *<)'
'Brad Johnson','Brad@Johnson.com','dhnejubxou','(>* o*)>| Br Jo <(*o *<)'
'Sara Egge','Sara@Egge.com','urtcjeenxk','(>* o*)>| Sa Eg <(*o *<)'
'Donna Koll','Donna@Koll.com','oonhxytqtk','(>* o*)>| Do Ko <(*o *<)'
'Shanae Green','Shanae@Green.com','gozeavwbby','(>* o*)>| Sh Gr <(*o *<)'
'Mark Bagley','Mark@Bagley.com','adxzgblomh','(>* o*)>| Ma Ba <(*o *<)'
'Danny White','Danny@White.com','xjrzsjruzg','(>* o*)>| Da Wh <(*o *<)'
'Shirley Jennings','Shirley@Jennings.com','gksufzokkq','(>* o*)>| Sh Je <(*o *<)'
'Leonardo White','Leonardo@White.com','ekshmfguxf','(>* o*)>| Le Wh <(*o *<)'
'Diane Keith','Diane@Keith.com','dcbyklwmdr','(>* o*)>| Di Ke <(*o *<)'
'James Rose','James@Rose.com','ocdqrqcaec','(>* o*)>| Ja Ro <(*o *<)'
'Anna Graves','Anna@Graves.com','abszponrou','(>* o*)>| An Gr <(*o *<)'
'Claire Studebaker','Claire@Studebaker.com','rrbgszbllb','(>* o*)>| Cl St <(*o *<)'
'Agnes Kraft','Agnes@Kraft.com','awiurqnlvq','(>* o*)>| Ag Kr <(*o *<)'
'Jarrett Maxwell','Jarrett@Maxwell.com','beqphsoxvi','(>* o*)>| Ja Ma <(*o *<)'
'Maria Madrid','Maria@Madrid.com','jvuapirkxy','(>* o*)>| Ma Ma <(*o *<)'
'Eddie Manera','Eddie@Manera.com','owibnlooed','(>* o*)>| Ed Ma <(*o *<)'
'Angeline Leonard','Angeline@Leonard.com','euyjavxkyh','(>* o*)>| An Le <(*o *<)'
'Marie Kane','Marie@Kane.com','xuajcuotgr','(>* o*)>| Ma Ka <(*o *<)'
'Lula Sampson','Lula@Sampson.com','bvoinfyqls','(>* o*)>| Lu Sa <(*o *<)'
'Jamison Currie','Jamison@Currie.com','tdijawvtjf','(>* o*)>| Ja Cu <(*o *<)'
'Antonio Tidwell','Antonio@Tidwell.com','vrmvaaxfhz','(>* o*)>| An Ti <(*o *<)'
'Yvonne Martins','Yvonne@Martins.com','mqwhwmmxmb','(>* o*)>| Yv Ma <(*o *<)'
'Samantha Bybee','Samantha@Bybee.com','qdwlieafez','(>* o*)>| Sa By <(*o *<)'
'Melissa Gerula','Melissa@Gerula.com','qgqhaqxdqt','(>* o*)>| Me Ge <(*o *<)'
'Michael Treisch','Michael@Treisch.com','ooyujsmxgj','(>* o*)>| Mi Tr <(*o *<)'
'Kathy Crump','Kathy@Crump.com','unigjcutdr','(>* o*)>| Ka Cr <(*o *<)'
'Lynn Claeys','Lynn@Claeys.com','niepzfgxtr','(>* o*)>| Ly Cl <(*o *<)'
'Richard Ferguson','Richard@Ferguson.com','mwskariwie','(>* o*)>| Ri Fe <(*o *<)'
'Deborah Haskell','Deborah@Haskell.com','ojuoyjibze','(>* o*)>| De Ha <(*o *<)'
'Winnie Morrison','Winnie@Morrison.com','wbbowgfqtu','(>* o*)>| Wi Mo <(*o *<)'
'Kecia Shipley','Kecia@Shipley.com','cgybmddrjh','(>* o*)>| Ke Sh <(*o *<)'
'Debra Sherer','Debra@Sherer.com','psidilewsy','(>* o*)>| De Sh <(*o *<)'
'Jerry Lind','Jerry@Lind.com','istpchodrt','(>* o*)>| Je Li <(*o *<)'
'Janice Welsh','Janice@Welsh.com','xffligohea','(>* o*)>| Ja We <(*o *<)'
'Kendra Burkhart','Kendra@Burkhart.com','dwtcbumzdz','(>* o*)>| Ke Bu <(*o *<)'
'Raymond Loggins','Raymond@Loggins.com','gkskljaziy','(>* o*)>| Ra Lo <(*o *<)'
'Carroll Coatney','Carroll@Coatney.com','cmoqjqiadt','(>* o*)>| Ca Co <(*o *<)'
'Linda Katz','Linda@Katz.com','nhillzkxro','(>* o*)>| Li Ka <(*o *<)'
'Margaret Garcia','Margaret@Garcia.com','wnfumsokxg','(>* o*)>| Ma Ga <(*o *<)'
'Erica Sutton','Erica@Sutton.com','aykngmlldv','(>* o*)>| Er Su <(*o *<)'
'Ruth Bailey','Ruth@Bailey.com','voeowylsex','(>* o*)>| Ru Ba <(*o *<)'
'William Sherman','William@Sherman.com','jvvxnvxmfl','(>* o*)>| Wi Sh <(*o *<)'
'Linda Peters','Linda@Peters.com','sdilsowulh','(>* o*)>| Li Pe <(*o *<)'
'Carrie Stuart','Carrie@Stuart.com','nfcqnvwdga','(>* o*)>| Ca St <(*o *<)'
'Arthur Anaya','Arthur@Anaya.com','pdhurysvhz','(>* o*)>| Ar An <(*o *<)'
'Gordon Newton','Gordon@Newton.com','kxbnswqqvv','(>* o*)>| Go Ne <(*o *<)'
'Emily Vargas','Emily@Vargas.com','qozltxsblf','(>* o*)>| Em Va <(*o *<)'
'Alice Cullen','Alice@Cullen.com','vsjbfohjik','(>* o*)>| Al Cu <(*o *<)'
'Adam Bolt','Adam@Bolt.com','zbsroztnqb','(>* o*)>| Ad Bo <(*o *<)'
'Daniel Carasco','Daniel@Carasco.com','wgacnusanu','(>* o*)>| Da Ca <(*o *<)'
'Angelo Lee','Angelo@Lee.com','gjclkyetyy','(>* o*)>| An Le <(*o *<)'
'Elsie Pickens','Elsie@Pickens.com','kmpnbqpjzi','(>* o*)>| El Pi <(*o *<)'
'Norma Thalls','Norma@Thalls.com','fqhgkfmsqc','(>* o*)>| No Th <(*o *<)'
'Gary Caston','Gary@Caston.com','aymqkmvglz','(>* o*)>| Ga Ca <(*o *<)'
'Kelly Clum','Kelly@Clum.com','ywljudewti','(>* o*)>| Ke Cl <(*o *<)'
'Marion Cooper','Marion@Cooper.com','uhsqrxikhb','(>* o*)>| Ma Co <(*o *<)'
'Sally Lodge','Sally@Lodge.com','mniwdqxvaf','(>* o*)>| Sa Lo <(*o *<)'
'Sharon Austin','Sharon@Austin.com','mktqheuxqd','(>* o*)>| Sh Au <(*o *<)'
'Evelyn Smith','Evelyn@Smith.com','ktmepuzvvc','(>* o*)>| Ev Sm <(*o *<)'
'Douglas Randolph','Douglas@Randolph.com','abnuwduaen','(>* o*)>| Do Ra <(*o *<)'
'Charles Shepherd','Charles@Shepherd.com','opjdegrntt','(>* o*)>| Ch Sh <(*o *<)'
'Jesus Hill','Jesus@Hill.com','blnbjujeko','(>* o*)>| Je Hi <(*o *<)'
'Rhonda Barnes','Rhonda@Barnes.com','wycfapybbg','(>* o*)>| Rh Ba <(*o *<)'
'John Miramon','John@Miramon.com','tcauvvjdrd','(>* o*)>| Jo Mi <(*o *<)'
'Julius Caldwell','Julius@Caldwell.com','xejvivndoo','(>* o*)>| Ju Ca <(*o *<)'
'Randall Townsend','Randall@Townsend.com','aeydeftwlk','(>* o*)>| Ra To <(*o *<)'
'Joyce Vereb','Joyce@Vereb.com','xwwjoooouv','(>* o*)>| Jo Ve <(*o *<)'
'Lala Sanchez','Lala@Sanchez.com','zwtbtdiiet','(>* o*)>| La Sa <(*o *<)'
'Henry Blanks','Henry@Blanks.com','kffxrnrlhu','(>* o*)>| He Bl <(*o *<)'
'Peggy Meritt','Peggy@Meritt.com','mbnoxkivsy','(>* o*)>| Pe Me <(*o *<)'
'Granville Sampson','Granville@Sampson.com','bukappgnwb','(>* o*)>| Gr Sa <(*o *<)'
'Otto Young','Otto@Young.com','mylumlquxc','(>* o*)>| Ot Yo <(*o *<)'
'Amy Hunter','Amy@Hunter.com','rkupwvdoja','(>* o*)>| Am Hu <(*o *<)'
'Jennifer Heberling','Jennifer@Heberling.com','bvpsdvxykq','(>* o*)>| Je He <(*o *<)'
'Ernest Scott','Ernest@Scott.com','palxnjklyq','(>* o*)>| Er Sc <(*o *<)'
'Andrew Johnson','Andrew@Johnson.com','ugjwjdaseh','(>* o*)>| An Jo <(*o *<)'
'Loretta Thomas','Loretta@Thomas.com','cfhdoknubo','(>* o*)>| Lo Th <(*o *<)'
'Annabelle Morguson','Annabelle@Morguson.com','jdpjgowcrq','(>* o*)>| An Mo <(*o *<)'
'Terri Gray','Terri@Gray.com','pmsgzibyzu','(>* o*)>| Te Gr <(*o *<)'
'Joshua Longoria','Joshua@Longoria.com','wdsxtmknbz','(>* o*)>| Jo Lo <(*o *<)'
'John Whalen','John@Whalen.com','wmimkaxxcy','(>* o*)>| Jo Wh <(*o *<)'
'Laverne Wollschlager','Laverne@Wollschlager.com','hoqvqqachs','(>* o*)>| La Wo <(*o *<)'
'Beatrice Carter','Beatrice@Carter.com','trotwyyclo','(>* o*)>| Be Ca <(*o *<)'
'James Sergent','James@Sergent.com','yjscxdpsad','(>* o*)>| Ja Se <(*o *<)'
'Johnny Moore','Johnny@Moore.com','nmdujwslcv','(>* o*)>| Jo Mo <(*o *<)'
'Jamie Ellerbee','Jamie@Ellerbee.com','seslcxifnw','(>* o*)>| Ja El <(*o *<)'
'Alicia Carpenter','Alicia@Carpenter.com','rfmdiakrdm','(>* o*)>| Al Ca <(*o *<)'
'Jestine Vaughn','Jestine@Vaughn.com','wzykjiirkj','(>* o*)>| Je Va <(*o *<)'
'Ruth Johnson','Ruth@Johnson.com','gtzrbilytd','(>* o*)>| Ru Jo <(*o *<)'
'Marie Garcia','Marie@Garcia.com','kejbvjnneg','(>* o*)>| Ma Ga <(*o *<)'
'William Adler','William@Adler.com','dsajtxfjuu','(>* o*)>| Wi Ad <(*o *<)'
'Otto Gorman','Otto@Gorman.com','yhpigjvodb','(>* o*)>| Ot Go <(*o *<)'
'Mary Imig','Mary@Imig.com','slrtaqopgy','(>* o*)>| Ma Im <(*o *<)'
'Terrence Slostad','Terrence@Slostad.com','pdgeraphdi','(>* o*)>| Te Sl <(*o *<)'
'Gabriel Gosman','Gabriel@Gosman.com','aihjdukaal','(>* o*)>| Ga Go <(*o *<)'
'Annie Soucier','Annie@Soucier.com','stfzmuakno','(>* o*)>| An So <(*o *<)'
'Arielle Dagel','Arielle@Dagel.com','kiwdlnootu','(>* o*)>| Ar Da <(*o *<)'
'Richard Blackman','Richard@Blackman.com','dmqqlyhvsg','(>* o*)>| Ri Bl <(*o *<)'
'Rosemarie Shultis','Rosemarie@Shultis.com','dzlivuenpx','(>* o*)>| Ro Sh <(*o *<)'
'Darren Green','Darren@Green.com','ikhowjldin','(>* o*)>| Da Gr <(*o *<)'
'Brian Scott','Brian@Scott.com','fapwjhbvjs','(>* o*)>| Br Sc <(*o *<)'
'Viola Bryant','Viola@Bryant.com','jiwnscheei','(>* o*)>| Vi Br <(*o *<)'
'Nathan Cummings','Nathan@Cummings.com','vedtwetamh','(>* o*)>| Na Cu <(*o *<)'
'William Mcneill','William@Mcneill.com','qkiwsbxmfk','(>* o*)>| Wi Mc <(*o *<)'
'Stacie Jessup','Stacie@Jessup.com','fzwfegomyd','(>* o*)>| St Je <(*o *<)'
'Donna Shiplett','Donna@Shiplett.com','mzirfzpyky','(>* o*)>| Do Sh <(*o *<)'
'William Harrison','William@Harrison.com','dttldmlbcg','(>* o*)>| Wi Ha <(*o *<)'
'Salvatore Frantz','Salvatore@Frantz.com','kaqbzrhlfl','(>* o*)>| Sa Fr <(*o *<)'
'Mark Lisa','Mark@Lisa.com','rhgscflcui','(>* o*)>| Ma Li <(*o *<)'
'Mark Nixon','Mark@Nixon.com','hqpyjjvmjp','(>* o*)>| Ma Ni <(*o *<)'
'James Horton','James@Horton.com','xwsostsqsh','(>* o*)>| Ja Ho <(*o *<)'
'Austin Chilson','Austin@Chilson.com','qtyqnpqoyi','(>* o*)>| Au Ch <(*o *<)'
'Mabel Sullivan','Mabel@Sullivan.com','kjunnduitc','(>* o*)>| Ma Su <(*o *<)'
'James Owens','James@Owens.com','kvixgahkml','(>* o*)>| Ja Ow <(*o *<)'
'Susan Blaise','Susan@Blaise.com','mrcjgexidr','(>* o*)>| Su Bl <(*o *<)'
'Steven Handley','Steven@Handley.com','xyylwonrcp','(>* o*)>| St Ha <(*o *<)'
'Christy Clark','Christy@Clark.com','zpmefogagk','(>* o*)>| Ch Cl <(*o *<)'
'William Foster','William@Foster.com','hdwdxmfggn','(>* o*)>| Wi Fo <(*o *<)'
'Roseann Beard','Roseann@Beard.com','rtnqstmevc','(>* o*)>| Ro Be <(*o *<)'
'Diane Hairston','Diane@Hairston.com','nuzukuaaam','(>* o*)>| Di Ha <(*o *<)'
'Dale Leonelli','Dale@Leonelli.com','scekxbzzlv','(>* o*)>| Da Le <(*o *<)'
'Jesus Tew','Jesus@Tew.com','hlbuppfctp','(>* o*)>| Je Te <(*o *<)'
'Jacque Waldron','Jacque@Waldron.com','wxdfpncepe','(>* o*)>| Ja Wa <(*o *<)'
'Mary Judkins','Mary@Judkins.com','sphteegvap','(>* o*)>| Ma Ju <(*o *<)'
'Natalie Pippen','Natalie@Pippen.com','mdaedlvaej','(>* o*)>| Na Pi <(*o *<)'
'Phillip Rempel','Phillip@Rempel.com','jdykaoypce','(>* o*)>| Ph Re <(*o *<)'
'Jason Lambert','Jason@Lambert.com','nrilwnwwzq','(>* o*)>| Ja La <(*o *<)'
'Virginia Vega','Virginia@Vega.com','jsfnvttwdr','(>* o*)>| Vi Ve <(*o *<)'
'Sean Mcdonough','Sean@Mcdonough.com','gkiuhcpxgi','(>* o*)>| Se Mc <(*o *<)'
'Michelle Rounds','Michelle@Rounds.com','qubeflxglj','(>* o*)>| Mi Ro <(*o *<)'
'Charity Frank','Charity@Frank.com','aorfzzhmlt','(>* o*)>| Ch Fr <(*o *<)'
'Marion Richardson','Marion@Richardson.com','kcdfratfyb','(>* o*)>| Ma Ri <(*o *<)'
'Mary Maguire','Mary@Maguire.com','aougaeicdp','(>* o*)>| Ma Ma <(*o *<)'
'Lana Boshears','Lana@Boshears.com','bzagmtmwzn','(>* o*)>| La Bo <(*o *<)'
'Glenn Colon','Glenn@Colon.com','bhrgmcelta','(>* o*)>| Gl Co <(*o *<)'
'Allen Isaksen','Allen@Isaksen.com','hviqrcrzng','(>* o*)>| Al Is <(*o *<)'
'Russell Parker','Russell@Parker.com','erpamayigq','(>* o*)>| Ru Pa <(*o *<)'
'Jeanette Baker','Jeanette@Baker.com','lmpexckeds','(>* o*)>| Je Ba <(*o *<)'
'John Juarez','John@Juarez.com','awhxfjdkmi','(>* o*)>| Jo Ju <(*o *<)'
'Adrian Kreitner','Adrian@Kreitner.com','ozuakkpxen','(>* o*)>| Ad Kr <(*o *<)'
'Tom Kinney','Tom@Kinney.com','yuyvxpzpvx','(>* o*)>| To Ki <(*o *<)'
'Gary Simmons','Gary@Simmons.com','nvcqrnxtph','(>* o*)>| Ga Si <(*o *<)'
'Martha Rounds','Martha@Rounds.com','uvadkhymtg','(>* o*)>| Ma Ro <(*o *<)'
'Lillie Isaacs','Lillie@Isaacs.com','jpcmmpbgkk','(>* o*)>| Li Is <(*o *<)'
'Evelyn Myers','Evelyn@Myers.com','ehxnlahtgm','(>* o*)>| Ev My <(*o *<)'
'William Williams','William@Williams.com','nqsrutykgx','(>* o*)>| Wi Wi <(*o *<)'
'Cheryl Keirn','Cheryl@Keirn.com','vqprpihyni','(>* o*)>| Ch Ke <(*o *<)'
'Janis Willard','Janis@Willard.com','liyexmhnda','(>* o*)>| Ja Wi <(*o *<)'
'George Swanson','George@Swanson.com','vzuboxvqjm','(>* o*)>| Ge Sw <(*o *<)'
'Angelique Berry','Angelique@Berry.com','jtoeijdmht','(>* o*)>| An Be <(*o *<)'
'Letha Webb','Letha@Webb.com','ltntzypcie','(>* o*)>| Le We <(*o *<)'
'Douglas Hatfield','Douglas@Hatfield.com','kozrularbg','(>* o*)>| Do Ha <(*o *<)'
